Explosive Quick Mine,Explosive Inner,Explosive Tunneling,Exploring,Tunneling Pickaxe,Pickaxing for Gold,Explosive Miss,No Label,TimeStamp,Explosive Quick Mine,Explosive Inner,Explosive Tunneling,Exploring,Tunneling Pickaxe,Pickaxing for Gold,Explosive Miss,No Label,TimeStamp
0,1,0,0,0,0,0,0,"[69123, 69141]",0,1,0,0,0,0,0,0,"[69124, 69140]"
0,1,0,0,0,0,0,0,"[69148, 69156]",0,1,0,0,0,0,0,0,"[69149, 69156]"
0,1,0,0,0,0,0,0,"[69185, 69198]",0,1,0,0,0,0,0,0,"[69185, 69196]"
0,1,0,0,0,0,0,0,"[69365, 69375]",0,1,0,0,0,0,0,0,"[69366, 69374]"
0,1,0,0,0,0,0,0,"[69395, 69409]",0,1,0,0,0,0,0,0,"[69395, 69410]"
0,1,0,0,0,0,0,0,"[69420, 69438]",0,1,0,0,0,0,0,0,"[69420, 69438]"
0,1,0,0,0,0,0,0,"[69518, 69530]",0,1,0,0,0,0,0,0,"[69520, 69530]"
0,1,0,0,0,0,0,0,"[69565, 69577]",0,1,0,0,0,0,0,0,"[69565, 69577]"
0,1,0,0,0,0,0,0,"[69606, 69620]",0,1,0,0,0,0,0,0,"[69606, 69620]"
0,1,0,0,0,0,0,0,"[69754, 69766]",0,1,0,0,0,0,0,0,"[69755, 69764]"
0,1,0,0,0,0,0,0,"[69977, 69994]",0,1,0,0,0,0,0,0,"[69977, 69994]"
0,0,0,1,0,0,0,0,"[68845, 68866]",0,0,0,1,0,0,0,0,"[68845, 68865]"
0,0,0,1,0,0,0,0,"[68923, 68949]",0,0,0,1,0,0,0,0,"[68924, 68949]"
0,0,0,1,0,0,0,0,"[69066, 69073]",0,0,0,1,0,0,0,0,"[69067, 69073]"
0,0,0,1,0,0,0,0,"[69108, 69124]",0,0,0,1,0,0,0,0,"[69108, 69124]"
0,0,0,0,0,1,0,0,"[68865, 68923]",0,0,0,0,0,1,0,0,"[68865, 68924]"
0,0,0,0,0,1,0,0,"[68949, 68997]",0,0,0,0,0,1,0,0,"[68949, 68953]"
0,0,0,0,0,1,0,0,"[68949, 68997]",0,0,0,0,0,1,0,0,"[68954, 68999]"
0,0,0,0,0,1,0,0,"[69072, 69108]",0,0,0,0,0,1,0,0,"[69073, 69088]"
0,0,0,0,0,1,0,0,"[69072, 69108]",0,0,0,0,0,1,0,0,"[69095, 69108]"
0,0,0,0,0,1,0,0,"[69155, 69182]",0,0,0,0,0,1,0,0,"[69157, 69182]"
0,0,0,0,0,1,0,0,"[69198, 69218]",0,0,0,0,0,1,0,0,"[69200, 69218]"
0,0,0,1,0,0,0,0,"[69293, 69300]",0,0,0,1,0,0,0,0,"[69293, 69300]"
0,0,0,1,0,0,0,0,"[69336, 69366]",0,0,0,1,0,0,0,0,"[69336, 69366]"
0,0,0,1,0,0,0,0,"[69375, 69395]",0,0,0,1,0,0,0,0,"[69374, 69395]"
0,0,0,1,0,0,0,0,"[69408, 69420]",0,0,0,1,0,0,0,0,"[69410, 69420]"
0,0,0,1,0,0,0,0,"[69505, 69520]",0,0,0,1,0,0,0,0,"[69503, 69520]"
0,0,0,1,0,0,0,0,"[69578, 69606]",0,0,0,1,0,0,0,0,"[69577, 69606]"
0,0,0,0,0,1,0,0,"[69300, 69336]",0,0,0,0,0,1,0,0,"[69300, 69324]"
0,0,0,0,0,1,0,0,"[69300, 69336]",0,0,0,0,0,1,0,0,"[69334, 69336]"
0,0,0,0,0,1,0,0,"[69532, 69558]",0,0,0,0,0,1,0,0,"[69531, 69558]"
0,0,0,1,0,0,0,0,"[69723, 69755]",0,0,0,1,0,0,0,0,"[69712, 69755]"
0,0,0,1,0,0,0,0,"[69966, 69977]",0,0,0,1,0,0,0,0,"[69962, 69977]"
0,0,0,1,0,0,0,0,"[70076, 70088]",0,0,0,1,0,0,0,0,"[70076, 70088]"
0,0,0,0,1,0,0,0,"[69767, 69774]",0,0,0,0,1,0,0,0,"[69768, 69773]"
0,0,0,0,0,1,0,0,"[69774, 69862]",0,0,0,0,0,1,0,0,"[69775, 69808]"
0,0,0,0,0,1,0,0,"[69774, 69862]",0,0,0,0,0,1,0,0,"[69813, 69861]"
0,0,0,0,0,1,0,0,"[69994, 70076]",0,0,0,0,0,1,0,0,"[69994, 70017]"
0,0,0,0,0,1,0,0,"[69994, 70076]",0,0,0,0,0,1,0,0,"[70018, 70076]"
0,0,0,0,0,1,0,0,"[70089, 70114]",0,0,0,0,0,1,0,0,"[70090, 70114]"
0,0,0,0,0,0,0,1,-1,0,0,0,0,0,1,0,0,"[69440, 69442]"
0,0,0,0,0,0,0,1,-1,0,0,0,0,0,1,0,0,"[69765, 69767]"
0,0,0,0,0,0,0,1,-1,0,0,0,0,1,0,0,0,"[70088, 70090]"
1,0,0,0,0,0,0,0,"[69097, 69104]",1,0,0,0,0,0,0,0,"[69099, 69103]"
1,0,0,0,0,0,0,0,"[69111, 69118]",1,0,0,0,0,0,0,0,"[69112, 69117]"
0,1,0,0,0,0,0,0,"[69146, 69164]",0,1,0,0,0,0,0,0,"[69156, 69164]"
0,1,0,0,0,0,0,0,"[69302, 69320]",0,1,0,0,0,0,0,0,"[69305, 69319]"
0,1,0,0,0,0,0,0,"[69328, 69356]",0,1,0,0,0,0,0,0,"[69327, 69357]"
0,1,0,0,0,0,0,0,"[69371, 69401]",0,1,0,0,0,0,0,0,"[69373, 69401]"
0,1,0,0,0,0,0,0,"[69520, 69534]",0,1,0,0,0,0,0,0,"[69521, 69533]"
0,1,0,0,0,0,0,0,"[69548, 69587]",0,1,0,0,0,0,0,0,"[69548, 69587]"
0,1,0,0,0,0,0,0,"[69629, 69638]",0,1,0,0,0,0,0,0,"[69631, 69638]"
0,1,0,0,0,0,0,0,"[69755, 69777]",0,1,0,0,0,0,0,0,"[69755, 69776]"
0,1,0,0,0,0,0,0,"[69974, 69998]",0,1,0,0,0,0,0,0,"[69982, 69998]"
0,0,0,1,0,0,0,0,"[68845, 68858]",0,0,0,1,0,0,0,0,"[68845, 68859]"
0,0,0,1,0,0,0,0,"[69066, 69098]",0,0,0,1,0,0,0,0,"[69067, 69099]"
0,0,0,0,0,1,0,0,"[68869, 68945]",0,0,0,0,0,1,0,0,"[68870, 68918]"
0,0,0,0,0,1,0,0,"[68869, 68945]",0,0,0,0,0,1,0,0,"[68924, 68944]"
0,0,0,0,0,1,0,0,"[68952, 68995]",0,0,0,0,0,1,0,0,"[68953, 68995]"
0,0,0,0,0,1,0,0,"[69170, 69218]",0,0,0,0,0,1,0,0,"[69171, 69218]"
0,0,0,1,0,0,0,0,"[69292, 69305]",0,0,0,1,0,0,0,0,"[69293, 69305]"
0,0,0,1,0,0,0,0,"[69357, 69373]",0,0,0,1,0,0,0,0,"[69357, 69373]"
0,0,0,1,0,0,0,0,"[69506, 69520]",0,0,0,1,0,0,0,0,"[69503, 69521]"
0,0,0,1,0,0,0,0,"[69615, 69630]",0,0,0,1,0,0,0,0,"[69617, 69631]"
0,0,0,0,1,0,0,0,"[69605, 69615]",0,0,0,0,1,0,0,0,"[69604, 69617]"
0,0,0,0,0,1,0,0,"[69405, 69445]",0,0,0,0,0,1,0,0,"[69405, 69444]"
0,0,0,1,0,0,0,0,"[69710, 69743]",0,0,0,1,0,0,0,0,"[69712, 69745]"
0,0,0,1,0,0,0,0,"[69961, 69974]",0,0,0,1,0,0,0,0,"[69962, 69975]"
0,0,0,0,1,0,0,0,"[69973, 69980]",0,0,0,0,1,0,0,0,"[69975, 69982]"
0,0,0,0,1,0,0,0,"[69745, 69752]",0,0,0,0,1,0,0,0,"[69745, 69750]"
0,0,0,0,0,1,0,0,"[69776, 69860]",0,0,0,0,0,1,0,0,"[69778, 69861]"
0,0,0,0,0,1,0,0,"[69997, 70111]",0,0,0,0,0,1,0,0,"[69998, 70053]"
0,0,0,0,0,1,0,0,"[69997, 70111]",0,0,0,0,0,1,0,0,"[70057, 70112]"
0,0,0,1,0,0,0,0,"[68944, 68953]",0,0,0,0,0,0,0,1,-1
0,0,0,1,0,0,0,0,"[69537, 69549]",0,0,0,0,0,0,0,1,-1
0,0,0,0,0,0,0,1,-1,0,0,0,0,0,1,0,0,"[68859, 68863]"
0,0,0,0,0,0,0,1,-1,0,0,0,0,0,1,0,0,"[69119, 69125]"
0,0,0,0,0,0,0,1,-1,0,0,0,1,0,0,0,0,"[69125, 69148]"
0,0,0,0,0,0,0,1,-1,0,0,0,0,1,0,0,0,"[69148, 69150]"
0,0,0,0,0,0,0,1,-1,0,0,0,0,0,1,0,0,"[69534, 69537]"
0,0,0,0,0,0,0,1,-1,0,0,0,0,0,1,0,0,"[69596, 69604]"
0,0,0,0,0,0,0,1,-1,0,0,0,0,0,1,0,0,"[69639, 69646]"
1,0,0,0,0,0,0,0,"[69084, 69090]",1,0,0,0,0,0,0,0,"[69086, 69089]"
0,1,0,0,0,0,0,0,"[69105, 69116]",0,1,0,0,0,0,0,0,"[69105, 69117]"
0,1,0,0,0,0,0,0,"[69121, 69131]",0,1,0,0,0,0,0,0,"[69120, 69131]"
1,0,0,0,0,0,0,0,"[69313, 69323]",1,0,0,0,0,0,0,0,"[69317, 69321]"
1,0,0,0,0,0,0,0,"[69326, 69336]",1,0,0,0,0,0,0,0,"[69329, 69333]"
1,0,0,0,0,0,0,0,"[69336, 69343]",1,0,0,0,0,0,0,0,"[69338, 69343]"
0,1,0,0,0,0,0,0,"[69528, 69542]",0,1,0,0,0,0,0,0,"[69529, 69541]"
0,1,0,0,0,0,0,0,"[69559, 69574]",0,1,0,0,0,0,0,0,"[69559, 69575]"
0,1,0,0,0,0,0,0,"[69616, 69630]",0,1,0,0,0,0,0,0,"[69616, 69629]"
0,1,0,0,0,0,0,0,"[69730, 69751]",0,1,0,0,0,0,0,0,"[69729, 69751]"
0,1,0,0,0,0,0,0,"[69985, 69999]",0,1,0,0,0,0,0,0,"[69986, 69999]"
0,0,0,1,0,0,0,0,"[68845, 68859]",0,0,0,1,0,0,0,0,"[68845, 68859]"
0,0,0,1,0,0,0,0,"[69066, 69086]",0,0,0,1,0,0,0,0,"[69067, 69086]"
0,0,0,1,0,0,0,0,"[69089, 69105]",0,0,0,1,0,0,0,0,"[69089, 69105]"
0,0,0,0,0,1,0,0,"[68858, 68989]",0,0,0,0,0,1,0,0,"[68859, 68923]"
0,0,0,0,0,1,0,0,"[68858, 68989]",0,0,0,0,0,1,0,0,"[68925, 68989]"
0,0,0,0,0,1,0,0,"[69134, 69207]",0,0,0,0,0,1,0,0,"[69134, 69146]"
0,0,0,0,0,1,0,0,"[69134, 69207]",0,0,0,0,0,1,0,0,"[69149, 69208]"
0,0,0,1,0,0,0,0,"[69292, 69317]",0,0,0,1,0,0,0,0,"[69293, 69317]"
0,0,0,1,0,0,0,0,"[69388, 69402]",0,0,0,1,0,0,0,0,"[69389, 69403]"
0,0,0,1,0,0,0,0,"[69507, 69528]",0,0,0,1,0,0,0,0,"[69503, 69529]"
0,0,0,1,0,0,0,0,"[69574, 69615]",0,0,0,1,0,0,0,0,"[69575, 69616]"
0,0,0,1,0,0,0,0,"[69629, 69638]",0,0,0,1,0,0,0,0,"[69629, 69639]"
0,0,0,0,0,1,0,0,"[69346, 69388]",0,0,0,0,0,1,0,0,"[69345, 69354]"
0,0,0,0,0,1,0,0,"[69346, 69388]",0,0,0,0,0,1,0,0,"[69360, 69389]"
0,0,0,0,0,1,0,0,"[69403, 69446]",0,0,0,0,0,1,0,0,"[69403, 69432]"
0,0,0,0,0,1,0,0,"[69403, 69446]",0,0,0,0,0,1,0,0,"[69435, 69446]"
0,0,0,0,0,1,0,0,"[69638, 69654]",0,0,0,0,0,1,0,0,"[69641, 69653]"
0,0,0,1,0,0,0,0,"[69709, 69730]",0,0,0,1,0,0,0,0,"[69712, 69729]"
0,0,0,1,0,0,0,0,"[69964, 69986]",0,0,0,1,0,0,0,0,"[69962, 69986]"
0,0,0,0,1,0,0,0,"[70035, 70042]",0,0,0,0,1,0,0,0,"[70036, 70039]"
0,0,0,0,0,1,0,0,"[69750, 69862]",0,0,0,0,0,1,0,0,"[69751, 69805]"
0,0,0,0,0,1,0,0,"[69750, 69862]",0,0,0,0,0,1,0,0,"[69806, 69861]"
0,0,0,0,0,1,0,0,"[70002, 70035]",0,0,0,0,0,1,0,0,"[70002, 70035]"
0,0,0,0,0,1,0,0,"[70043, 70110]",0,0,0,0,0,1,0,0,"[70042, 70110]"
0,0,0,1,0,0,0,0,"[69321, 69330]",0,0,0,0,0,0,0,1,-1
0,0,0,1,0,0,0,0,"[69548, 69560]",0,0,0,0,0,0,0,1,-1
0,0,0,0,0,0,0,1,-1,0,0,0,1,0,0,0,0,"[68989, 68999]"
0,0,0,0,0,0,0,1,-1,0,0,0,0,1,0,0,0,"[69146, 69149]"
0,0,0,0,0,0,0,1,-1,0,0,0,0,1,0,0,0,"[69213, 69217]"
0,0,0,0,0,0,0,1,-1,0,0,0,0,0,1,0,0,"[69543, 69549]"
0,0,0,0,0,0,0,1,-1,0,0,0,0,1,0,0,0,"[69639, 69641]"
1,0,0,0,0,0,0,0,"[69075, 69081]",1,0,0,0,0,0,0,0,"[69076, 69080]"
1,0,0,0,0,0,0,0,"[69082, 69088]",1,0,0,0,0,0,0,0,"[69084, 69088]"
1,0,0,0,0,0,0,0,"[69127, 69134]",1,0,0,0,0,0,0,0,"[69128, 69133]"
1,0,0,0,0,0,0,0,"[69302, 69309]",1,0,0,0,0,0,0,0,"[69302, 69306]"
1,0,0,0,0,0,0,0,"[69308, 69314]",1,0,0,0,0,0,0,0,"[69310, 69314]"
1,0,0,0,0,0,0,0,"[69317, 69324]",1,0,0,0,0,0,0,0,"[69318, 69322]"
0,1,0,0,0,0,0,0,"[69529, 69537]",0,1,0,0,0,0,0,0,"[69529, 69538]"
0,1,0,0,0,0,0,0,"[69545, 69552]",0,1,0,0,0,0,0,0,"[69541, 69553]"
0,1,0,0,0,0,0,0,"[69729, 69742]",0,1,0,0,0,0,0,0,"[69731, 69742]"
0,1,0,0,0,0,0,0,"[69969, 69981]",0,1,0,0,0,0,0,0,"[69970, 69980]"
0,0,0,1,0,0,0,0,"[68845, 68855]",0,0,0,1,0,0,0,0,"[68845, 68854]"
0,0,0,1,0,0,0,0,"[69065, 69076]",0,0,0,1,0,0,0,0,"[69067, 69076]"
0,0,0,1,0,0,0,0,"[69111, 69128]",0,0,0,1,0,0,0,0,"[69112, 69128]"
0,0,0,0,1,0,0,0,"[69177, 69194]",0,0,0,0,1,0,0,0,"[69177, 69195]"
0,0,0,0,0,1,0,0,"[68853, 68997]",0,0,0,0,0,1,0,0,"[68854, 68908]"
0,0,0,0,0,1,0,0,"[68853, 68997]",0,0,0,0,0,1,0,0,"[68912, 68942]"
0,0,0,0,0,1,0,0,"[68853, 68997]",0,0,0,0,0,1,0,0,"[68945, 68973]"
0,0,0,0,0,1,0,0,"[68853, 68997]",0,0,0,0,0,1,0,0,"[68977, 68997]"
0,0,0,0,0,1,0,0,"[69091, 69114]",0,0,0,0,0,1,0,0,"[69091, 69112]"
0,0,0,0,0,1,0,0,"[69136, 69177]",0,0,0,0,0,1,0,0,"[69135, 69165]"
0,0,0,0,0,1,0,0,"[69136, 69177]",0,0,0,0,0,1,0,0,"[69168, 69177]"
0,0,0,0,0,1,0,0,"[69194, 69219]",0,0,0,0,0,1,0,0,"[69195, 69218]"
0,0,0,1,0,0,0,0,"[69290, 69302]",0,0,0,1,0,0,0,0,"[69293, 69302]"
0,0,0,1,0,0,0,0,"[69323, 69341]",0,0,0,1,0,0,0,0,"[69322, 69342]"
0,0,0,1,0,0,0,0,"[69504, 69512]",0,0,0,1,0,0,0,0,"[69503, 69513]"
0,0,0,0,0,1,0,0,"[69342, 69445]",0,0,0,0,0,1,0,0,"[69342, 69380]"
0,0,0,0,0,1,0,0,"[69342, 69445]",0,0,0,0,0,1,0,0,"[69382, 69445]"
0,0,0,0,0,1,0,0,"[69555, 69638]",0,0,0,0,0,1,0,0,"[69555, 69576]"
0,0,0,0,0,1,0,0,"[69555, 69638]",0,0,0,0,0,1,0,0,"[69578, 69638]"
0,0,0,1,0,0,0,0,"[69708, 69722]",0,0,0,1,0,0,0,0,"[69712, 69722]"
0,0,0,1,0,0,0,0,"[69961, 69970]",0,0,0,1,0,0,0,0,"[69962, 69970]"
0,0,0,1,0,0,0,0,"[70066, 70084]",0,0,0,1,0,0,0,0,"[70065, 70084]"
0,0,0,0,0,1,0,0,"[69742, 69864]",0,0,0,0,0,1,0,0,"[69743, 69840]"
0,0,0,0,0,1,0,0,"[69742, 69864]",0,0,0,0,0,1,0,0,"[69842, 69864]"
0,0,0,0,0,1,0,0,"[69981, 70065]",0,0,0,0,0,1,0,0,"[69981, 69991]"
0,0,0,0,0,1,0,0,"[69981, 70065]",0,0,0,0,0,1,0,0,"[69997, 70002]"
0,0,0,0,0,1,0,0,"[69981, 70065]",0,0,0,0,0,1,0,0,"[70003, 70020]"
0,0,0,0,0,1,0,0,"[69981, 70065]",0,0,0,0,0,1,0,0,"[70023, 70041]"
0,0,0,0,0,1,0,0,"[69981, 70065]",0,0,0,0,0,1,0,0,"[70043, 70065]"
0,0,0,0,0,1,0,0,"[70084, 70114]",0,0,0,0,0,1,0,0,"[70084, 70114]"
0,1,0,0,0,0,0,0,"[69510, 69518]",1,0,0,0,0,0,0,0,"[69513, 69518]"
0,0,0,0,0,0,0,1,-1,0,0,0,0,0,1,0,0,"[69521, 69524]"
0,0,0,0,0,0,0,1,-1,0,0,0,1,0,0,0,0,"[69638, 69653]"
0,0,0,0,0,0,0,1,-1,0,0,0,0,0,1,0,0,"[69722, 69727]"
0,1,0,0,0,0,0,0,"[10869, 10894]",0,1,0,0,0,0,0,0,"[10870, 10894]"
0,1,0,0,0,0,0,0,"[10905, 10916]",0,1,0,0,0,0,0,0,"[10905, 10922]"
0,1,0,0,0,0,0,0,"[11145, 11158]",0,1,0,0,0,0,0,0,"[11146, 11163]"
1,0,0,0,0,0,0,0,"[11240, 11246]",1,0,0,0,0,0,0,0,"[11241, 11246]"
0,1,0,0,0,0,0,0,"[11437, 11446]",0,1,0,0,0,0,0,0,"[11438, 11447]"
0,1,0,0,0,0,0,0,"[11456, 11469]",0,1,0,0,0,0,0,0,"[11458, 11470]"
0,1,0,0,0,0,0,0,"[11491, 11522]",0,1,0,0,0,0,0,0,"[11491, 11521]"
0,0,0,1,0,0,0,0,"[10521, 10532]",0,0,0,1,0,0,0,0,"[10520, 10532]"
0,0,0,1,0,0,0,0,"[10842, 10870]",0,0,0,1,0,0,0,0,"[10839, 10870]"
0,0,0,0,1,0,0,0,"[10597, 10601]",0,0,0,0,1,0,0,0,"[10599, 10601]"
0,0,0,0,1,0,0,0,"[10654, 10657]",0,0,0,0,1,0,0,0,"[10654, 10657]"
0,0,0,0,0,1,0,0,"[10532, 10592]",0,0,0,0,0,1,0,0,"[10532, 10592]"
0,0,0,0,0,1,0,0,"[10601, 10654]",0,0,0,0,0,1,0,0,"[10601, 10653]"
0,0,0,0,0,1,0,0,"[10657, 10671]",0,0,0,0,0,1,0,0,"[10658, 10671]"
0,0,0,0,0,1,0,0,"[10922, 10990]",0,0,0,0,0,1,0,0,"[10922, 10989]"
0,0,0,1,0,0,0,0,"[11128, 11145]",0,0,0,1,0,0,0,0,"[11132, 11146]"
0,0,0,1,0,0,0,0,"[11170, 11180]",0,0,0,1,0,0,0,0,"[11171, 11179]"
0,0,0,1,0,0,0,0,"[11183, 11229]",0,0,0,1,0,0,0,0,"[11184, 11230]"
0,0,0,1,0,0,0,0,"[11419, 11437]",0,0,0,1,0,0,0,0,"[11419, 11438]"
0,0,0,1,0,0,0,0,"[11447, 11458]",0,0,0,1,0,0,0,0,"[11447, 11458]"
0,0,0,1,0,0,0,0,"[11481, 11491]",0,0,0,1,0,0,0,0,"[11481, 11491]"
0,0,0,0,0,1,0,0,"[11246, 11282]",0,0,0,0,0,1,0,0,"[11246, 11268]"
0,0,0,0,0,1,0,0,"[11246, 11282]",0,0,0,0,0,1,0,0,"[11272, 11282]"
0,0,0,0,0,1,0,0,"[11471, 11481]",0,0,0,0,0,1,0,0,"[11473, 11481]"
0,0,0,0,0,1,0,0,"[11523, 11571]",0,0,0,0,0,1,0,0,"[11524, 11571]"
0,0,0,1,0,0,0,0,"[11708, 11746]",0,0,0,1,0,0,0,0,"[11712, 11746]"
0,0,0,1,0,0,0,0,"[12022, 12071]",0,0,0,1,0,0,0,0,"[12020, 12072]"
0,0,0,0,0,1,0,0,"[11771, 11812]",0,0,0,0,0,1,0,0,"[11765, 11803]"
0,0,0,0,0,1,0,0,"[11771, 11812]",0,0,0,0,0,1,0,0,"[11806, 11811]"
0,0,0,0,0,1,0,0,"[11819, 11860]",0,0,0,0,0,1,0,0,"[11820, 11859]"
0,0,0,0,0,1,0,0,"[12097, 12171]",0,0,0,0,0,1,0,0,"[12097, 12145]"
0,0,0,0,0,1,0,0,"[12097, 12171]",0,0,0,0,0,1,0,0,"[12149, 12172]"
0,0,0,0,0,1,0,0,"[12071, 12086]",0,0,0,0,0,1,0,0,"[12072, 12085]"
0,0,0,0,1,0,0,0,"[12086, 12089]",0,0,0,0,1,0,0,0,"[12085, 12088]"
0,0,0,0,0,1,0,0,"[11746, 11760]",0,0,0,0,0,1,0,0,"[11746, 11760]"
1,0,0,0,0,0,0,0,"[10915, 10921]",0,0,0,0,0,0,0,1,-1
1,0,0,0,0,0,0,0,"[11158, 11163]",0,0,0,0,0,0,0,1,-1
0,0,0,1,0,0,0,0,"[10591, 10599]",0,0,0,0,0,0,0,1,-1
0,0,0,0,0,0,0,1,-1,0,0,0,0,0,1,0,0,"[10895, 10901]"
0,0,0,0,0,0,0,1,-1,0,0,0,0,0,1,0,0,"[11163, 11171]"
0,0,0,0,0,0,0,1,-1,0,0,0,0,0,1,0,0,"[11179, 11183]"
0,0,0,0,0,0,0,1,-1,0,0,0,0,0,1,0,0,"[11230, 11241]"
0,1,0,0,0,0,0,0,"[10854, 10865]",0,1,0,0,0,0,0,0,"[10854, 10866]"
0,1,0,0,0,0,0,0,"[10903, 10923]",0,1,0,0,0,0,0,0,"[10903, 10922]"
0,1,0,0,0,0,0,0,"[10933, 10956]",0,1,0,0,0,0,0,0,"[10948, 10956]"
0,1,0,0,0,0,0,0,"[11150, 11169]",0,1,0,0,0,0,0,0,"[11152, 11182]"
0,1,0,0,0,0,0,0,"[11175, 11183]",0,1,0,0,0,0,0,0,"[11152, 11182]"
0,1,0,0,0,0,0,0,"[11188, 11199]",0,1,0,0,0,0,0,0,"[11190, 11198]"
0,1,0,0,0,0,0,0,"[11438, 11458]",0,1,0,0,0,0,0,0,"[11440, 11457]"
0,1,0,0,0,0,0,0,"[11466, 11485]",0,1,0,0,0,0,0,0,"[11467, 11485]"
0,1,0,0,0,0,0,0,"[11520, 11538]",0,1,0,0,0,0,0,0,"[11522, 11538]"
0,0,0,0,0,1,0,0,"[10960, 10991]",0,0,0,0,0,1,0,0,"[10961, 10990]"
0,0,0,0,0,1,0,0,"[10867, 10881]",0,0,0,0,0,1,0,0,"[10868, 10880]"
0,0,0,0,0,1,0,0,"[10619, 10670]",0,0,0,0,0,1,0,0,"[10619, 10669]"
0,0,0,0,1,0,0,0,"[10615, 10619]",0,0,0,0,1,0,0,0,"[10617, 10619]"
0,0,0,1,0,0,0,0,"[10600, 10617]",0,0,0,1,0,0,0,0,"[10599, 10617]"
0,0,0,1,0,0,0,0,"[10827, 10854]",0,0,0,1,0,0,0,0,"[10839, 10854]"
0,0,0,1,0,0,0,0,"[10880, 10902]",0,0,0,1,0,0,0,0,"[10879, 10903]"
0,0,0,1,0,0,0,0,"[11126, 11152]",0,0,0,1,0,0,0,0,"[11132, 11152]"
0,0,0,1,0,0,0,0,"[11419, 11438]",0,0,0,1,0,0,0,0,"[11419, 11440]"
0,0,0,0,1,0,0,0,"[11504, 11517]",0,0,0,0,1,0,0,0,"[11507, 11516]"
0,0,0,0,0,1,0,0,"[11203, 11282]",0,0,0,0,0,1,0,0,"[11203, 11261]"
0,0,0,0,0,1,0,0,"[11203, 11282]",0,0,0,0,0,1,0,0,"[11265, 11283]"
0,0,0,0,0,1,0,0,"[11546, 11570]",0,0,0,0,0,1,0,0,"[11548, 11569]"
0,0,0,0,0,1,0,0,"[11791, 11859]",0,0,0,0,0,1,0,0,"[11791, 11859]"
0,0,0,1,0,0,0,0,"[11708, 11766]",0,0,0,1,0,0,0,0,"[11712, 11766]"
0,0,0,1,0,0,0,0,"[12021, 12103]",0,0,0,1,0,0,0,0,"[12020, 12103]"
0,0,0,0,1,0,0,0,"[12102, 12106]",0,0,0,0,1,0,0,0,"[12103, 12111]"
0,0,0,0,0,1,0,0,"[10529, 10600]",0,0,0,0,0,0,0,1,-1
0,0,0,1,0,0,0,0,"[11487, 11507]",0,0,0,0,0,0,0,1,-1
0,0,0,0,0,0,0,1,-1,0,0,0,1,0,0,0,0,"[10520, 10530]"
0,0,0,0,0,0,0,1,-1,0,0,0,0,0,1,0,0,"[10928, 10930]"
0,0,0,0,0,0,0,1,-1,0,0,0,0,1,0,0,0,"[10935, 10941]"
0,0,0,0,0,0,0,1,-1,0,0,0,0,0,1,0,0,"[11766, 11768]"
0,0,0,0,0,0,0,1,-1,0,0,0,0,0,1,0,0,"[12128, 12172]"
1,0,0,0,0,0,0,0,"[10853, 10861]",1,0,0,0,0,0,0,0,"[10855, 10861]"
0,1,0,0,0,0,0,0,"[10962, 10973]",0,1,0,0,0,0,0,0,"[10958, 10973]"
1,0,0,0,0,0,0,0,"[11227, 11234]",1,0,0,0,0,0,0,0,"[11228, 11234]"
0,1,0,0,0,0,0,0,"[11255, 11278]",0,1,0,0,0,0,0,0,"[11256, 11278]"
0,1,0,0,0,0,0,0,"[11427, 11440]",0,1,0,0,0,0,0,0,"[11428, 11441]"
0,1,0,0,0,0,0,0,"[11535, 11552]",0,1,0,0,0,0,0,0,"[11535, 11553]"
0,1,0,0,0,0,0,0,"[11736, 11777]",0,1,0,0,0,0,0,0,"[11736, 11778]"
0,1,0,0,0,0,0,0,"[11820, 11843]",0,1,0,0,0,0,0,0,"[11820, 11843]"
0,1,0,0,0,0,0,0,"[12135, 12169]",0,1,0,0,0,0,0,0,"[12138, 12168]"
0,0,0,1,0,0,0,0,"[10520, 10567]",0,0,0,1,0,0,0,0,"[10520, 10567]"
0,0,0,1,0,0,0,0,"[10838, 10854]",0,0,0,1,0,0,0,0,"[10839, 10855]"
0,0,0,0,1,0,0,0,"[10650, 10663]",0,0,0,0,1,0,0,0,"[10650, 10661]"
0,0,0,0,1,0,0,0,"[10888, 10897]",0,0,0,0,1,0,0,0,"[10891, 10895]"
0,0,0,0,0,1,0,0,"[10567, 10606]",0,0,0,0,0,1,0,0,"[10567, 10606]"
0,0,0,0,0,1,0,0,"[10619, 10649]",0,0,0,0,0,1,0,0,"[10621, 10650]"
0,0,0,0,0,1,0,0,"[10865, 10887]",0,0,0,0,0,1,0,0,"[10865, 10887]"
0,0,0,0,0,1,0,0,"[10898, 10955]",0,0,0,0,0,1,0,0,"[10898, 10954]"
0,0,0,0,1,0,0,0,"[10955, 10958]",0,0,0,0,1,0,0,0,"[10955, 10958]"
0,0,0,1,0,0,0,0,"[11124, 11146]",0,0,0,1,0,0,0,0,"[11132, 11146]"
0,0,0,1,0,0,0,0,"[11418, 11428]",0,0,0,1,0,0,0,0,"[11419, 11428]"
0,0,0,1,0,0,0,0,"[11508, 11536]",0,0,0,1,0,0,0,0,"[11508, 11535]"
0,0,0,0,0,1,0,0,"[11146, 11213]",0,0,0,0,0,1,0,0,"[11146, 11213]"
0,0,0,0,0,1,0,0,"[11443, 11508]",0,0,0,0,0,1,0,0,"[11443, 11508]"
0,0,0,0,0,1,0,0,"[11781, 11799]",0,0,0,0,0,1,0,0,"[11780, 11800]"
0,0,0,0,0,1,0,0,"[11845, 11861]",0,0,0,0,0,1,0,0,"[11843, 11860]"
0,0,0,0,0,1,0,0,"[12051, 12068]",0,0,0,0,0,1,0,0,"[12053, 12065]"
0,0,0,0,1,0,0,0,"[12037, 12042]",0,0,0,0,1,0,0,0,"[12036, 12043]"
0,0,0,1,0,0,0,0,"[11709, 11727]",0,0,0,1,0,0,0,0,"[11712, 11726]"
0,0,0,1,0,0,0,0,"[11799, 11819]",0,0,0,1,0,0,0,0,"[11799, 11820]"
0,0,0,1,0,0,0,0,"[12020, 12036]",0,0,0,1,0,0,0,0,"[12020, 12036]"
0,0,0,1,0,0,0,0,"[12065, 12138]",0,0,0,1,0,0,0,0,"[12065, 12138]"
0,0,0,0,0,0,0,1,-1,0,0,0,0,0,1,0,0,"[10661, 10670]"
0,0,0,0,0,0,0,1,-1,0,0,0,0,0,1,0,0,"[11237, 11255]"
0,0,0,0,0,0,0,1,-1,0,0,0,0,0,1,0,0,"[11278, 11284]"
0,0,0,0,0,0,0,1,-1,0,0,0,1,0,0,0,0,"[11553, 11571]"
0,0,0,0,0,0,0,1,-1,0,0,0,0,1,0,0,0,"[11726, 11730]"
0,0,1,0,0,0,0,0,"[26658, 26664]",0,0,1,0,0,0,0,0,"[26655, 26666]"
1,0,0,0,0,0,0,0,"[26901, 26906]",1,0,0,0,0,0,0,0,"[26900, 26905]"
0,0,1,0,0,0,0,0,"[26922, 26928]",0,0,1,0,0,0,0,0,"[26922, 26930]"
0,0,1,0,0,0,0,0,"[26937, 26943]",0,0,1,0,0,0,0,0,"[26935, 26944]"
0,0,1,0,0,0,0,0,"[27155, 27162]",0,0,1,0,0,0,0,0,"[27154, 27161]"
0,0,1,0,0,0,0,0,"[27172, 27179]",0,0,1,0,0,0,0,0,"[27173, 27181]"
1,0,0,0,0,0,0,0,"[27201, 27206]",1,0,0,0,0,0,0,0,"[27201, 27206]"
0,0,0,1,0,0,0,0,"[26106, 26128]",0,0,0,1,0,0,0,0,"[26104, 26127]"
0,0,0,1,0,0,0,0,"[26202, 26228]",0,0,0,1,0,0,0,0,"[26204, 26227]"
0,0,0,1,0,0,0,0,"[26361, 26403]",0,0,0,1,0,0,0,0,"[26360, 26402]"
0,0,0,0,0,1,0,0,"[26127, 26202]",0,0,0,0,0,1,0,0,"[26127, 26172]"
0,0,0,0,0,1,0,0,"[26127, 26202]",0,0,0,0,0,1,0,0,"[26178, 26204]"
0,0,0,0,0,1,0,0,"[26228, 26255]",0,0,0,0,0,1,0,0,"[26227, 26256]"
0,0,0,0,0,1,0,0,"[26437, 26504]",0,0,0,0,0,1,0,0,"[26435, 26506]"
0,0,0,1,0,0,0,0,"[26875, 26900]",0,0,0,1,0,0,0,0,"[26881, 26900]"
0,0,0,0,0,1,0,0,"[26669, 26795]",0,0,0,0,0,1,0,0,"[26667, 26797]"
0,0,0,0,0,1,0,0,"[26947, 27026]",0,0,0,0,0,1,0,0,"[26944, 27027]"
0,0,0,1,0,0,0,0,"[27102, 27117]",0,0,0,1,0,0,0,0,"[27105, 27116]"
0,0,0,1,0,0,0,0,"[27178, 27201]",0,0,0,1,0,0,0,0,"[27181, 27201]"
0,0,0,1,0,0,0,0,"[27319, 27330]",0,0,0,1,0,0,0,0,"[27322, 27329]"
0,0,0,1,0,0,0,0,"[27361, 27379]",0,0,0,1,0,0,0,0,"[27362, 27377]"
0,0,0,0,0,1,0,0,"[27115, 27139]",0,0,0,0,0,1,0,0,"[27116, 27140]"
0,0,0,0,0,1,0,0,"[27208, 27232]",0,0,0,0,0,1,0,0,"[27206, 27233]"
0,0,0,0,1,0,0,0,"[27329, 27362]",0,0,0,0,1,0,0,0,"[27329, 27362]"
0,0,0,0,1,0,0,0,"[27378, 27394]",0,0,0,0,1,0,0,0,"[27377, 27394]"
0,0,0,0,0,1,0,0,"[27393, 27429]",0,0,0,0,0,1,0,0,"[27394, 27417]"
0,0,0,0,0,1,0,0,"[27393, 27429]",0,0,0,0,0,1,0,0,"[27424, 27429]"
0,0,0,0,0,1,0,0,"[27434, 27471]",0,0,0,0,0,1,0,0,"[27437, 27471]"
0,0,1,0,0,0,0,0,"[26418, 26424]",1,0,0,0,0,0,0,0,"[26419, 26425]"
0,0,1,0,0,0,0,0,"[26402, 26408]",1,0,0,0,0,0,0,0,"[26402, 26408]"
0,0,0,1,0,0,0,0,"[27139, 27157]",0,0,0,0,0,0,0,1,-1
0,0,0,0,0,0,0,1,-1,0,0,0,0,1,0,0,0,"[26428, 26433]"
0,0,0,0,0,0,0,1,-1,0,0,0,0,1,0,0,0,"[27233, 27254]"
0,0,1,0,0,0,0,0,"[26404, 26410]",0,0,1,0,0,0,0,0,"[26403, 26412]"
0,0,1,0,0,0,0,0,"[26708, 26713]",0,0,1,0,0,0,0,0,"[26705, 26714]"
0,1,0,0,0,0,0,0,"[26973, 26996]",0,1,0,0,0,0,0,0,"[26974, 26997]"
0,0,0,1,0,0,0,0,"[26106, 26199]",0,0,0,1,0,0,0,0,"[26104, 26195]"
0,0,0,1,0,0,0,0,"[26410, 26462]",0,0,0,1,0,0,0,0,"[26412, 26461]"
0,0,0,0,0,0,1,0,"[26371, 26376]",0,0,0,0,0,0,1,0,"[26360, 26377]"
0,0,0,0,0,1,0,0,"[26462, 26504]",0,0,0,0,0,1,0,0,"[26461, 26505]"
0,0,0,1,0,0,0,0,"[26638, 26660]",0,0,0,1,0,0,0,0,"[26646, 26657]"
0,0,0,1,0,0,0,0,"[26714, 26746]",0,0,0,1,0,0,0,0,"[26714, 26744]"
0,0,0,1,0,0,0,0,"[26878, 26895]",0,0,0,1,0,0,0,0,"[26880, 26895]"
0,0,0,0,0,1,0,0,"[26745, 26786]",0,0,0,0,0,1,0,0,"[26744, 26790]"
0,0,0,0,0,1,0,0,"[26896, 26941]",0,0,0,0,0,1,0,0,"[26895, 26941]"
0,0,0,0,0,1,0,0,"[27001, 27022]",0,0,0,0,0,1,0,0,"[26999, 27022]"
0,0,0,1,0,0,0,0,"[27101, 27131]",0,0,0,1,0,0,0,0,"[27105, 27129]"
0,0,0,1,0,0,0,0,"[27321, 27356]",0,0,0,1,0,0,0,0,"[27322, 27353]"
0,0,0,0,0,1,0,0,"[27130, 27240]",0,0,0,0,0,1,0,0,"[27129, 27151]"
0,0,0,0,0,1,0,0,"[27130, 27240]",0,0,0,0,0,1,0,0,"[27151, 27172]"
0,0,0,0,0,1,0,0,"[27130, 27240]",0,0,0,0,0,1,0,0,"[27176, 27241]"
0,0,0,0,0,1,0,0,"[27355, 27470]",0,0,0,0,0,1,0,0,"[27353, 27469]"
0,1,0,0,0,0,0,0,"[26895, 26973]",1,0,0,0,0,0,0,0,"[26968, 26974]"
0,0,0,0,0,0,0,1,-1,0,0,0,0,1,0,0,0,"[26195, 26203]"
0,0,0,0,0,0,0,1,-1,0,0,0,0,1,0,0,0,"[26233, 26240]"
0,0,0,0,0,0,0,1,-1,0,0,0,0,1,0,0,0,"[26245, 26255]"
0,0,0,0,0,0,0,1,-1,0,0,0,0,0,1,0,0,"[26657, 26664]"
0,0,0,0,0,0,0,1,-1,0,0,0,0,1,0,0,0,"[27244, 27253]"
0,1,0,0,0,0,0,0,"[26441, 26482]",0,1,0,0,0,0,0,0,"[26447, 26482]"
0,0,0,1,0,0,0,0,"[26107, 26169]",0,0,0,1,0,0,0,0,"[26104, 26168]"
0,0,0,0,0,1,0,0,"[26169, 26257]",0,0,0,0,0,1,0,0,"[26168, 26257]"
0,0,0,0,0,1,0,0,"[26440, 26478]",0,0,0,0,0,1,0,0,"[26440, 26444]"
0,0,0,0,0,1,0,0,"[26482, 26509]",0,0,0,0,0,1,0,0,"[26482, 26508]"
0,0,0,1,0,0,0,0,"[26360, 26400]",0,0,0,1,0,0,0,0,"[26360, 26399]"
0,0,0,1,0,0,0,0,"[26403, 26440]",0,0,0,1,0,0,0,0,"[26403, 26440]"
0,0,0,1,0,0,0,0,"[26636, 26689]",0,0,0,1,0,0,0,0,"[26645, 26690]"
0,0,0,1,0,0,0,0,"[26882, 26895]",0,0,0,1,0,0,0,0,"[26880, 26895]"
0,0,0,1,0,0,0,0,"[26927, 26956]",0,0,0,1,0,0,0,0,"[26927, 26954]"
0,0,0,0,0,1,0,0,"[26688, 26792]",0,0,0,0,0,1,0,0,"[26690, 26770]"
0,0,0,0,0,1,0,0,"[26688, 26792]",0,0,0,0,0,1,0,0,"[26780, 26792]"
0,0,0,0,0,1,0,0,"[26901, 26926]",0,0,0,0,0,1,0,0,"[26899, 26927]"
0,0,0,0,1,0,0,0,"[26896, 26900]",0,0,0,0,1,0,0,0,"[26895, 26899]"
0,0,0,0,0,1,0,0,"[26955, 27029]",0,0,0,0,0,1,0,0,"[26954, 26963]"
0,0,0,0,0,1,0,0,"[26955, 27029]",0,0,0,0,0,1,0,0,"[26979, 27030]"
0,0,0,1,0,0,0,0,"[27102, 27135]",0,0,0,1,0,0,0,0,"[27106, 27135]"
0,0,0,1,0,0,0,0,"[27319, 27349]",0,0,0,1,0,0,0,0,"[27322, 27348]"
0,0,0,0,0,1,0,0,"[27135, 27244]",0,0,0,0,0,1,0,0,"[27135, 27225]"
0,0,0,0,0,1,0,0,"[27135, 27244]",0,0,0,0,0,1,0,0,"[27234, 27244]"
0,0,0,0,0,1,0,0,"[27349, 27463]",0,0,0,0,0,1,0,0,"[27348, 27471]"
0,0,0,0,0,1,0,0,"[26440, 26478]",0,1,0,0,0,0,0,0,"[26447, 26482]"
0,0,0,0,0,0,0,1,-1,0,0,0,0,1,0,0,0,"[26399, 26403]"
0,0,0,0,0,0,0,1,-1,0,0,0,0,1,0,0,0,"[26444, 26447]"
0,0,0,1,0,0,0,0,"[26119, 26146]",0,0,0,1,0,0,0,0,"[26104, 26147]"
0,0,0,1,0,0,0,0,"[26360, 26375]",0,0,0,1,0,0,0,0,"[26360, 26374]"
0,0,0,0,0,1,0,0,"[26147, 26257]",0,0,0,0,0,1,0,0,"[26147, 26211]"
0,0,0,0,0,1,0,0,"[26147, 26257]",0,0,0,0,0,1,0,0,"[26229, 26257]"
0,0,0,0,0,1,0,0,"[26443, 26503]",0,0,0,0,0,1,0,0,"[26442, 26505]"
0,0,0,1,0,0,0,0,"[26644, 26658]",0,0,0,1,0,0,0,0,"[26646, 26656]"
0,0,0,1,0,0,0,0,"[26882, 26899]",0,0,0,1,0,0,0,0,"[26881, 26899]"
0,0,0,0,0,1,0,0,"[26657, 26791]",0,0,0,0,0,1,0,0,"[26655, 26793]"
0,0,0,0,0,1,0,0,"[26909, 27000]",0,0,0,0,0,1,0,0,"[26908, 27004]"
0,0,0,1,0,0,0,0,"[27105, 27122]",0,0,0,1,0,0,0,0,"[27105, 27122]"
0,0,0,1,0,0,0,0,"[27323, 27360]",0,0,0,1,0,0,0,0,"[27322, 27359]"
0,0,0,0,1,0,0,0,"[27359, 27368]",0,0,0,0,1,0,0,0,"[27359, 27364]"
0,0,0,0,0,1,0,0,"[27122, 27250]",0,0,0,0,0,1,0,0,"[27122, 27127]"
0,0,0,0,0,1,0,0,"[27122, 27250]",0,0,0,0,0,1,0,0,"[27137, 27172]"
0,0,0,0,0,1,0,0,"[27122, 27250]",0,0,0,0,0,1,0,0,"[27178, 27251]"
0,0,0,0,0,1,0,0,"[27365, 27469]",0,0,0,0,0,1,0,0,"[27364, 27471]"
0,0,0,0,0,0,0,1,-1,0,0,0,0,1,0,0,0,"[26218, 26227]"
0,0,0,0,0,0,0,1,-1,0,0,0,0,1,0,0,0,"[26374, 26378]"
0,0,0,0,0,0,0,1,-1,0,0,0,0,1,0,0,0,"[26899, 26903]"
0,0,0,0,0,0,0,1,-1,0,0,0,0,1,0,0,0,"[27131, 27136]"
0,0,0,0,0,0,0,1,-1,0,0,0,0,1,0,0,0,"[27251, 27256]"
1,0,0,0,0,0,0,0,"[11941, 11948]",1,0,0,0,0,0,0,0,"[11943, 11947]"
0,0,1,0,0,0,0,0,"[12220, 12229]",0,0,1,0,0,0,0,0,"[12223, 12227]"
1,0,0,0,0,0,0,0,"[12251, 12259]",1,0,0,0,0,0,0,0,"[12253, 12258]"
1,0,0,0,0,0,0,0,"[12274, 12282]",1,0,0,0,0,0,0,0,"[12278, 12280]"
1,0,0,0,0,0,0,0,"[12526, 12532]",1,0,0,0,0,0,0,0,"[12526, 12529]"
1,0,0,0,0,0,0,0,"[12533, 12539]",1,0,0,0,0,0,0,0,"[12534, 12538]"
1,0,0,0,0,0,0,0,"[12554, 12560]",1,0,0,0,0,0,0,0,"[12555, 12560]"
1,0,0,0,0,0,0,0,"[12567, 12573]",1,0,0,0,0,0,0,0,"[12567, 12569]"
0,0,0,1,0,0,0,0,"[11575, 11582]",0,0,0,1,0,0,0,0,"[11573, 11582]"
0,0,0,1,0,0,0,0,"[11846, 11858]",0,0,0,1,0,0,0,0,"[11853, 11858]"
0,0,0,1,0,0,0,0,"[11915, 11942]",0,0,0,1,0,0,0,0,"[11914, 11943]"
0,0,0,0,0,1,0,0,"[11581, 11723]",0,0,0,0,0,1,0,0,"[11582, 11723]"
0,0,0,0,0,1,0,0,"[11952, 11965]",0,0,0,0,0,1,0,0,"[11953, 11965]"
0,0,0,0,0,1,0,0,"[11857, 11885]",0,0,0,0,0,1,0,0,"[11858, 11884]"
0,0,0,1,0,0,0,0,"[12203, 12223]",0,0,0,1,0,0,0,0,"[12202, 12223]"
0,0,0,1,0,0,0,0,"[12228, 12252]",0,0,0,1,0,0,0,0,"[12227, 12253]"
0,0,0,1,0,0,0,0,"[12279, 12296]",0,0,0,1,0,0,0,0,"[12280, 12297]"
0,0,0,1,0,0,0,0,"[12516, 12526]",0,0,0,1,0,0,0,0,"[12520, 12526]"
0,0,0,0,1,0,0,0,"[12629, 12638]",0,0,0,0,1,0,0,0,"[12630, 12637]"
0,0,0,0,0,1,0,0,"[12296, 12352]",0,0,0,0,0,1,0,0,"[12297, 12351]"
0,0,0,0,0,1,0,0,"[12573, 12624]",0,0,0,0,0,1,0,0,"[12574, 12622]"
0,0,0,0,0,1,0,0,"[12640, 12669]",0,0,0,0,0,1,0,0,"[12640, 12668]"
0,0,0,1,0,0,0,0,"[12819, 12830]",0,0,0,1,0,0,0,0,"[12819, 12830]"
0,0,0,1,0,0,0,0,"[13103, 13130]",0,0,0,1,0,0,0,0,"[13103, 13131]"
0,0,0,0,0,1,0,0,"[12829, 12965]",0,0,0,0,0,1,0,0,"[12830, 12891]"
0,0,0,0,0,1,0,0,"[12829, 12965]",0,0,0,0,0,1,0,0,"[12896, 12964]"
0,0,0,0,0,1,0,0,"[13130, 13253]",0,0,0,0,0,1,0,0,"[13131, 13142]"
0,0,0,0,0,1,0,0,"[13130, 13253]",0,0,0,0,0,1,0,0,"[13160, 13220]"
0,0,0,0,0,1,0,0,"[13130, 13253]",0,0,0,0,0,1,0,0,"[13226, 13252]"
0,1,0,0,0,0,0,0,"[11972, 11995]",0,0,0,0,0,1,0,0,"[11973, 11983]"
0,0,0,1,0,0,0,0,"[12260, 12277]",0,0,0,0,0,0,0,1,-1
0,0,0,0,0,0,0,1,-1,0,0,0,0,1,0,0,0,"[11884, 11887]"
0,0,0,0,0,0,0,1,-1,0,0,0,0,1,0,0,0,"[11893, 11896]"
0,0,0,0,0,0,0,1,-1,0,0,0,0,0,1,0,0,"[11904, 11914]"
0,0,0,0,0,0,0,1,-1,0,0,0,0,1,0,0,0,"[11983, 11990]"
0,0,0,0,0,0,0,1,-1,1,0,0,0,0,0,0,0,"[11991, 11996]"
0,0,0,0,0,0,0,1,-1,0,0,0,0,0,1,0,0,"[12542, 12545]"
0,0,0,0,0,0,0,1,-1,0,0,0,0,0,1,0,0,"[12564, 12566]"
0,0,0,0,0,0,0,1,-1,0,0,0,0,1,0,0,0,"[12894, 12897]"
1,0,0,0,0,0,0,0,"[11928, 11933]",1,0,0,0,0,0,0,0,"[11928, 11934]"
1,0,0,0,0,0,0,0,"[12287, 12293]",1,0,0,0,0,0,0,0,"[12289, 12292]"
1,0,0,0,0,0,0,0,"[12578, 12584]",1,0,0,0,0,0,0,0,"[12581, 12584]"
0,1,0,0,0,0,0,0,"[13245, 13253]",0,1,0,0,0,0,0,0,"[13245, 13253]"
0,0,0,1,0,0,0,0,"[11595, 11659]",0,0,0,1,0,0,0,0,"[11595, 11658]"
0,0,0,1,0,0,0,0,"[11846, 11864]",0,0,0,1,0,0,0,0,"[11851, 11864]"
0,0,0,1,0,0,0,0,"[11897, 11926]",0,0,0,1,0,0,0,0,"[11897, 11928]"
0,0,0,0,0,1,0,0,"[11659, 11721]",0,0,0,0,0,1,0,0,"[11658, 11721]"
0,0,0,0,0,1,0,0,"[11863, 11899]",0,0,0,0,0,1,0,0,"[11864, 11897]"
0,0,0,1,0,0,0,0,"[12203, 12230]",0,0,0,1,0,0,0,0,"[12202, 12229]"
0,0,0,1,0,0,0,0,"[12231, 12252]",0,0,0,1,0,0,0,0,"[12232, 12252]"
0,0,0,1,0,0,0,0,"[12256, 12288]",0,0,0,1,0,0,0,0,"[12256, 12289]"
0,0,0,1,0,0,0,0,"[12521, 12541]",0,0,0,1,0,0,0,0,"[12520, 12543]"
0,0,0,0,0,1,0,0,"[12584, 12647]",0,0,0,0,0,1,0,0,"[12584, 12646]"
0,0,0,1,0,0,0,0,"[12818, 12957]",0,0,0,1,0,0,0,0,"[12819, 12957]"
0,0,0,1,0,0,0,0,"[13103, 13123]",0,0,0,1,0,0,0,0,"[13103, 13123]"
0,0,0,1,0,0,0,0,"[13196, 13244]",0,0,0,1,0,0,0,0,"[13195, 13245]"
1,0,0,0,0,0,0,0,"[13176, 13180]",0,1,0,0,0,0,0,0,"[13123, 13181]"
0,0,0,0,0,1,0,0,"[13121, 13169]",0,0,0,0,0,0,0,1,-1
0,0,0,0,0,0,0,1,-1,0,0,0,0,1,0,0,0,"[11721, 11724]"
0,0,0,0,0,0,0,1,-1,0,0,0,0,1,0,0,0,"[12229, 12232]"
0,0,0,0,0,0,0,1,-1,0,0,0,0,0,1,0,0,"[12252, 12256]"
0,0,0,0,0,0,0,1,-1,0,0,0,0,0,1,0,0,"[12344, 12347]"
0,0,0,0,0,0,0,1,-1,0,0,0,0,1,0,0,0,"[12543, 12545]"
0,0,0,0,0,0,0,1,-1,0,0,0,0,0,1,0,0,"[12552, 12554]"
0,0,0,0,0,0,0,1,-1,0,0,0,0,0,1,0,0,"[12957, 12965]"
0,0,0,0,0,0,0,1,-1,0,0,0,0,0,1,0,0,"[13192, 13196]"
1,0,0,0,0,0,0,0,"[12616, 12625]",1,0,0,0,0,0,0,0,"[12620, 12626]"
1,0,0,0,0,0,0,0,"[12964, 12972]",1,0,0,0,0,0,0,0,"[12967, 12971]"
0,0,1,0,0,0,0,0,"[13247, 13255]",0,0,1,0,0,0,0,0,"[13249, 13254]"
0,0,0,1,0,0,0,0,"[11575, 11596]",0,0,0,1,0,0,0,0,"[11573, 11596]"
0,0,0,1,0,0,0,0,"[11709, 11729]",0,0,0,1,0,0,0,0,"[11709, 11726]"
0,0,0,1,0,0,0,0,"[11848, 11875]",0,0,0,1,0,0,0,0,"[11851, 11875]"
0,0,0,0,1,0,0,0,"[11900, 11940]",0,0,0,0,1,0,0,0,"[11900, 11922]"
0,0,0,0,1,0,0,0,"[11900, 11940]",0,0,0,0,1,0,0,0,"[11935, 11951]"
0,0,0,1,0,0,0,0,"[12202, 12228]",0,0,0,1,0,0,0,0,"[12202, 12228]"
0,0,0,1,0,0,0,0,"[12256, 12352]",0,0,0,1,0,0,0,0,"[12254, 12352]"
0,0,0,1,0,0,0,0,"[12521, 12584]",0,0,0,1,0,0,0,0,"[12520, 12583]"
0,0,0,1,0,0,0,0,"[12815, 12857]",0,0,0,1,0,0,0,0,"[12819, 12858]"
0,0,0,1,0,0,0,0,"[13105, 13131]",0,0,0,1,0,0,0,0,"[13103, 13132]"
0,0,0,1,0,0,0,0,"[13186, 13249]",0,0,0,1,0,0,0,0,"[13185, 13249]"
0,0,0,0,0,0,0,1,-1,0,0,0,0,1,0,0,0,"[11596, 11600]"
0,0,0,0,0,0,0,1,-1,0,0,0,0,1,0,0,0,"[11635, 11639]"
0,0,0,0,0,0,0,1,-1,0,0,0,0,1,0,0,0,"[11674, 11676]"
0,0,0,0,0,0,0,1,-1,0,0,0,0,1,0,0,0,"[11698, 11709]"
0,0,0,0,0,0,0,1,-1,0,0,0,0,1,0,0,0,"[11875, 11880]"
0,0,0,0,0,0,0,1,-1,0,0,0,0,1,0,0,0,"[12228, 12254]"
0,0,0,0,0,0,0,1,-1,0,0,0,0,1,0,0,0,"[12583, 12586]"
0,0,0,0,0,0,0,1,-1,0,0,0,0,1,0,0,0,"[12602, 12605]"
0,0,0,0,0,0,0,1,-1,0,0,0,0,1,0,0,0,"[12858, 12879]"
0,0,0,0,0,0,0,1,-1,0,0,0,0,1,0,0,0,"[12903, 12907]"
0,0,0,0,0,0,0,1,-1,0,0,0,0,1,0,0,0,"[13132, 13135]"
0,0,0,0,0,0,0,1,-1,0,0,0,0,0,1,0,0,"[13150, 13154]"
0,0,0,0,0,0,0,1,-1,0,0,0,0,0,1,0,0,"[13168, 13180]"
0,0,0,0,0,0,0,1,-1,0,0,0,0,1,0,0,0,"[13181, 13185]"
0,0,0,1,0,0,0,0,"[11580, 11595]",0,0,0,1,0,0,0,0,"[11573, 11595]"
0,0,0,1,0,0,0,0,"[11844, 11874]",0,0,0,1,0,0,0,0,"[11851, 11876]"
0,0,0,1,0,0,0,0,"[11914, 11934]",0,0,0,1,0,0,0,0,"[11913, 11937]"
0,0,0,0,1,0,0,0,"[11936, 11957]",0,0,0,0,1,0,0,0,"[11937, 11957]"
0,0,0,0,1,0,0,0,"[11880, 11913]",0,0,0,0,1,0,0,0,"[11880, 11893]"
0,0,0,0,1,0,0,0,"[11880, 11913]",0,0,0,0,1,0,0,0,"[11902, 11913]"
0,0,0,0,1,0,0,0,"[11706, 11725]",0,0,0,0,1,0,0,0,"[11706, 11725]"
0,0,0,0,1,0,0,0,"[11594, 11671]",0,0,0,0,1,0,0,0,"[11595, 11670]"
0,0,0,1,0,0,0,0,"[12203, 12251]",0,0,0,1,0,0,0,0,"[12202, 12251]"
0,0,0,1,0,0,0,0,"[12520, 12537]",0,0,0,1,0,0,0,0,"[12520, 12537]"
0,0,0,0,1,0,0,0,"[12250, 12281]",0,0,0,0,1,0,0,0,"[12251, 12280]"
0,0,0,0,1,0,0,0,"[12535, 12551]",0,0,0,0,1,0,0,0,"[12536, 12550]"
0,0,0,0,1,0,0,0,"[12615, 12653]",0,0,0,0,1,0,0,0,"[12616, 12650]"
0,0,0,0,0,1,0,0,"[12283, 12340]",0,0,0,0,0,1,0,0,"[12283, 12287]"
0,0,0,0,0,1,0,0,"[12283, 12340]",0,0,0,0,0,1,0,0,"[12315, 12339]"
0,0,0,0,0,1,0,0,"[12658, 12669]",0,0,0,0,0,1,0,0,"[12660, 12668]"
0,0,0,1,0,0,0,0,"[12817, 12841]",0,0,0,1,0,0,0,0,"[12819, 12840]"
0,0,0,1,0,0,0,0,"[13102, 13115]",0,0,0,1,0,0,0,0,"[13103, 13115]"
0,0,0,1,0,0,0,0,"[13178, 13198]",0,0,0,1,0,0,0,0,"[13178, 13199]"
0,0,0,0,1,0,0,0,"[12838, 12964]",0,0,0,0,1,0,0,0,"[12840, 12869]"
0,0,0,0,1,0,0,0,"[12838, 12964]",0,0,0,0,1,0,0,0,"[12877, 12965]"
0,0,0,0,1,0,0,0,"[13115, 13127]",0,0,0,0,1,0,0,0,"[13115, 13126]"
0,0,0,0,0,1,0,0,"[13127, 13178]",0,0,0,0,0,1,0,0,"[13126, 13130]"
0,0,0,0,0,1,0,0,"[13127, 13178]",0,0,0,0,0,1,0,0,"[13134, 13179]"
0,0,0,0,0,1,0,0,"[13213, 13246]",0,0,0,0,0,1,0,0,"[13215, 13245]"
0,0,0,1,0,0,0,0,"[12287, 12314]",0,0,0,0,0,0,0,1,-1
0,0,0,0,0,0,0,1,-1,0,0,0,0,0,1,0,0,"[11876, 11878]"
0,0,0,0,0,0,0,1,-1,0,0,0,1,0,0,0,0,"[11957, 11996]"
0,0,0,0,0,0,0,1,-1,0,0,0,0,0,1,0,0,"[12553, 12557]"
0,0,0,0,0,0,0,1,-1,0,0,0,0,0,1,0,0,"[12569, 12600]"
0,0,0,0,0,0,0,1,-1,0,0,0,0,1,0,0,0,"[13131, 13135]"
0,0,0,0,0,0,0,1,-1,0,0,0,0,1,0,0,0,"[13199, 13215]"
0,0,0,0,0,0,0,1,-1,0,0,0,0,1,0,0,0,"[13245, 13252]"
0,0,0,1,0,0,0,0,"[11574, 11632]",0,0,0,1,0,0,0,0,"[11573, 11632]"
0,0,0,1,0,0,0,0,"[11845, 11866]",0,0,0,1,0,0,0,0,"[11851, 11865]"
0,0,0,0,1,0,0,0,"[11864, 11918]",0,0,0,0,1,0,0,0,"[11866, 11881]"
0,0,0,0,1,0,0,0,"[11864, 11918]",0,0,0,0,1,0,0,0,"[11885, 11901]"
0,0,0,0,1,0,0,0,"[11864, 11918]",0,0,0,0,1,0,0,0,"[11905, 11918]"
0,0,0,0,1,0,0,0,"[11927, 11963]",0,0,0,0,1,0,0,0,"[11928, 11963]"
0,0,0,0,0,1,0,0,"[11633, 11718]",0,0,0,0,0,1,0,0,"[11632, 11644]"
0,0,0,0,0,1,0,0,"[11633, 11718]",0,0,0,0,0,1,0,0,"[11660, 11719]"
0,0,0,1,0,0,0,0,"[12201, 12222]",0,0,0,1,0,0,0,0,"[12202, 12221]"
0,0,0,1,0,0,0,0,"[12267, 12285]",0,0,0,1,0,0,0,0,"[12269, 12285]"
0,0,0,1,0,0,0,0,"[12514, 12534]",0,0,0,1,0,0,0,0,"[12520, 12534]"
0,0,0,1,0,0,0,0,"[12548, 12579]",0,0,0,1,0,0,0,0,"[12549, 12581]"
0,0,0,1,0,0,0,0,"[12586, 12634]",0,0,0,1,0,0,0,0,"[12585, 12634]"
0,0,0,0,1,0,0,0,"[12652, 12664]",0,0,0,0,1,0,0,0,"[12652, 12664]"
0,0,0,0,0,1,0,0,"[12221, 12268]",0,0,0,0,0,1,0,0,"[12221, 12269]"
0,0,0,0,0,1,0,0,"[12285, 12351]",0,0,0,0,0,1,0,0,"[12285, 12300]"
0,0,0,0,0,1,0,0,"[12285, 12351]",0,0,0,0,0,1,0,0,"[12305, 12351]"
0,0,0,1,0,0,0,0,"[12815, 12836]",0,0,0,1,0,0,0,0,"[12819, 12835]"
0,0,0,1,0,0,0,0,"[13106, 13124]",0,0,0,1,0,0,0,0,"[13103, 13125]"
0,0,0,0,1,0,0,0,"[13176, 13182]",0,0,0,0,1,0,0,0,"[13176, 13183]"
0,0,0,0,0,1,0,0,"[12850, 12970]",0,0,0,0,0,1,0,0,"[12849, 12859]"
0,0,0,0,0,1,0,0,"[12850, 12970]",0,0,0,0,0,1,0,0,"[12866, 12872]"
0,0,0,0,0,1,0,0,"[12850, 12970]",0,0,0,0,0,1,0,0,"[12880, 12900]"
0,0,0,0,0,1,0,0,"[12850, 12970]",0,0,0,0,0,1,0,0,"[12907, 12936]"
0,0,0,0,0,1,0,0,"[12850, 12970]",0,0,0,0,0,1,0,0,"[12943, 12972]"
0,0,0,0,0,1,0,0,"[13123, 13175]",0,0,0,0,0,1,0,0,"[13125, 13175]"
0,0,0,0,0,1,0,0,"[13214, 13248]",0,0,0,0,0,1,0,0,"[13214, 13248]"
0,0,0,1,0,0,0,0,"[13182, 13197]",0,0,0,0,0,0,0,1,-1
0,0,0,1,0,0,0,0,"[13205, 13216]",0,0,0,0,0,0,0,1,-1
0,0,0,0,0,0,0,1,-1,0,0,0,0,1,0,0,0,"[11973, 11983]"
0,0,0,0,0,0,0,1,-1,0,0,0,0,0,1,0,0,"[11983, 11993]"
0,0,0,0,0,0,0,1,-1,0,0,0,0,0,1,0,0,"[12534, 12539]"
0,0,0,0,0,0,0,1,-1,0,0,0,0,1,0,0,0,"[12544, 12549]"
0,0,0,0,0,0,0,1,-1,0,0,0,0,1,0,0,0,"[12581, 12585]"
0,0,0,0,0,0,0,1,-1,0,0,0,0,1,0,0,0,"[12634, 12638]"
0,0,0,0,0,0,0,1,-1,0,0,0,0,1,0,0,0,"[12835, 12844]"
0,0,0,0,0,0,0,1,-1,0,0,0,0,1,0,0,0,"[13197, 13206]"
0,1,0,0,0,0,0,0,"[8083, 8099]",0,1,0,0,0,0,0,0,"[8085, 8099]"
1,0,0,0,0,0,0,0,"[8114, 8119]",1,0,0,0,0,0,0,0,"[8114, 8120]"
1,0,0,0,0,0,0,0,"[8127, 8132]",1,0,0,0,0,0,0,0,"[8128, 8131]"
1,0,0,0,0,0,0,0,"[8297, 8301]",1,0,0,0,0,0,0,0,"[8297, 8301]"
1,0,0,0,0,0,0,0,"[8492, 8500]",1,0,0,0,0,0,0,0,"[8495, 8501]"
0,0,0,1,0,0,0,0,"[7820, 7829]",0,0,0,1,0,0,0,0,"[7818, 7829]"
0,0,0,1,0,0,0,0,"[7856, 7864]",0,0,0,1,0,0,0,0,"[7857, 7865]"
0,0,0,1,0,0,0,0,"[7906, 7922]",0,0,0,1,0,0,0,0,"[7906, 7922]"
0,0,0,1,0,0,0,0,"[8039, 8049]",0,0,0,1,0,0,0,0,"[8038, 8049]"
0,0,0,1,0,0,0,0,"[8075, 8085]",0,0,0,1,0,0,0,0,"[8075, 8085]"
0,0,0,1,0,0,0,0,"[8105, 8116]",0,0,0,1,0,0,0,0,"[8104, 8114]"
0,0,0,0,1,0,0,0,"[7846, 7857]",0,0,0,0,1,0,0,0,"[7847, 7857]"
0,0,0,0,1,0,0,0,"[8056, 8077]",0,0,0,0,1,0,0,0,"[8054, 8062]"
0,0,0,0,1,0,0,0,"[8056, 8077]",0,0,0,0,1,0,0,0,"[8067, 8075]"
0,0,0,0,0,1,0,0,"[7865, 7903]",0,0,0,0,0,1,0,0,"[7865, 7904]"
0,0,0,0,0,1,0,0,"[7925, 7970]",0,0,0,0,0,1,0,0,"[7924, 7971]"
0,0,0,0,0,1,0,0,"[8136, 8188]",0,0,0,0,0,1,0,0,"[8137, 8157]"
0,0,0,0,0,1,0,0,"[8136, 8188]",0,0,0,0,0,1,0,0,"[8159, 8189]"
0,0,0,1,0,0,0,0,"[8244, 8258]",0,0,0,1,0,0,0,0,"[8251, 8258]"
0,0,0,1,0,0,0,0,"[8451, 8465]",0,0,0,1,0,0,0,0,"[8459, 8465]"
0,0,0,1,0,0,0,0,"[8483, 8495]",0,0,0,1,0,0,0,0,"[8483, 8495]"
0,0,0,1,0,0,0,0,"[8499, 8518]",0,0,0,1,0,0,0,0,"[8501, 8518]"
0,0,0,0,1,0,0,0,"[8465, 8474]",0,0,0,0,1,0,0,0,"[8465, 8473]"
0,0,0,0,1,0,0,0,"[8257, 8269]",0,0,0,0,1,0,0,0,"[8258, 8269]"
0,0,0,0,0,1,0,0,"[8301, 8329]",0,0,0,0,0,1,0,0,"[8301, 8329]"
0,0,0,0,0,1,0,0,"[8338, 8357]",0,0,0,0,0,1,0,0,"[8338, 8355]"
0,0,0,0,0,1,0,0,"[8359, 8399]",0,0,0,0,0,1,0,0,"[8359, 8400]"
0,0,0,0,0,1,0,0,"[8530, 8586]",0,0,0,0,0,1,0,0,"[8530, 8587]"
0,0,0,0,0,1,0,0,"[8592, 8608]",0,0,0,0,0,1,0,0,"[8593, 8607]"
0,0,0,1,0,0,0,0,"[8664, 8674]",0,0,0,1,0,0,0,0,"[8668, 8675]"
0,0,0,1,0,0,0,0,"[8704, 8719]",0,0,0,1,0,0,0,0,"[8703, 8719]"
0,0,0,1,0,0,0,0,"[8790, 8819]",0,0,0,1,0,0,0,0,"[8789, 8818]"
0,0,0,1,0,0,0,0,"[8880, 8894]",0,0,0,1,0,0,0,0,"[8878, 8895]"
0,0,0,0,1,0,0,0,"[8674, 8704]",0,0,0,0,1,0,0,0,"[8675, 8690]"
0,0,0,0,1,0,0,0,"[8674, 8704]",0,0,0,0,1,0,0,0,"[8696, 8703]"
0,0,0,0,1,0,0,0,"[8911, 8922]",0,0,0,0,1,0,0,0,"[8912, 8920]"
0,0,0,0,0,1,0,0,"[8745, 8789]",0,0,0,0,0,1,0,0,"[8744, 8759]"
0,0,0,0,0,1,0,0,"[8745, 8789]",0,0,0,0,0,1,0,0,"[8762, 8789]"
0,0,0,0,0,1,0,0,"[8924, 9029]",0,0,0,0,0,1,0,0,"[8924, 8978]"
0,0,0,0,0,1,0,0,"[8924, 9029]",0,0,0,0,0,1,0,0,"[8982, 9029]"
0,1,0,0,0,0,0,0,"[8257, 8275]",1,0,0,0,0,0,0,0,"[8271, 8276]"
0,1,0,0,0,0,0,0,"[8287, 8293]",1,0,0,0,0,0,0,0,"[8289, 8292]"
0,1,0,0,0,0,0,0,"[8466, 8484]",1,0,0,0,0,0,0,0,"[8478, 8483]"
1,0,0,0,0,0,0,0,"[8516, 8523]",0,1,0,0,0,0,0,0,"[8518, 8523]"
0,1,0,0,0,0,0,0,"[8895, 8908]",1,0,0,0,0,0,0,0,"[8905, 8909]"
0,0,0,1,0,0,0,0,"[8523, 8531]",0,0,0,0,0,0,0,1,-1
0,0,0,1,0,0,0,0,"[8585, 8593]",0,0,0,0,0,0,0,1,-1
0,0,0,0,0,0,0,1,-1,0,0,0,0,0,1,0,0,"[7829, 7837]"
0,0,0,0,0,0,0,1,-1,0,0,0,0,1,0,0,0,"[7904, 7906]"
0,0,0,0,0,0,0,1,-1,0,0,0,0,1,0,0,0,"[7922, 7924]"
0,0,0,0,0,0,0,1,-1,0,0,0,0,0,1,0,0,"[8049, 8054]"
0,0,0,0,0,0,0,1,-1,0,0,0,0,0,1,0,0,"[8102, 8104]"
0,0,0,0,0,0,0,1,-1,0,0,0,0,0,1,0,0,"[8277, 8283]"
0,0,0,0,0,0,0,1,-1,0,0,0,0,0,1,0,0,"[8294, 8297]"
0,0,0,0,0,0,0,1,-1,0,0,0,0,1,0,0,0,"[8356, 8359]"
0,0,0,0,0,0,0,1,-1,0,0,0,0,0,1,0,0,"[8719, 8722]"
0,0,0,0,0,0,0,1,-1,0,0,0,0,0,1,0,0,"[8725, 8740]"
0,0,0,0,0,0,0,1,-1,0,0,0,0,0,1,0,0,"[8895, 8897]"
0,1,0,0,0,0,0,0,"[8051, 8070]",0,1,0,0,0,0,0,0,"[8052, 8069]"
0,1,0,0,0,0,0,0,"[8093, 8110]",0,1,0,0,0,0,0,0,"[8093, 8109]"
0,1,0,0,0,0,0,0,"[8132, 8155]",0,1,0,0,0,0,0,0,"[8133, 8154]"
0,1,0,0,0,0,0,0,"[8274, 8292]",0,1,0,0,0,0,0,0,"[8275, 8292]"
0,1,0,0,0,0,0,0,"[8293, 8312]",0,1,0,0,0,0,0,0,"[8296, 8312]"
0,1,0,0,0,0,0,0,"[8361, 8378]",0,1,0,0,0,0,0,0,"[8361, 8377]"
0,1,0,0,0,0,0,0,"[8466, 8483]",0,1,0,0,0,0,0,0,"[8466, 8482]"
0,1,0,0,0,0,0,0,"[8496, 8511]",0,1,0,0,0,0,0,0,"[8496, 8519]"
0,1,0,0,0,0,0,0,"[8903, 8928]",0,1,0,0,0,0,0,0,"[8904, 8928]"
0,0,0,1,0,0,0,0,"[7818, 7829]",0,0,0,1,0,0,0,0,"[7818, 7829]"
0,0,0,1,0,0,0,0,"[8038, 8052]",0,0,0,1,0,0,0,0,"[8038, 8052]"
0,0,0,1,0,0,0,0,"[8069, 8081]",0,0,0,1,0,0,0,0,"[8069, 8081]"
0,0,0,0,0,1,0,0,"[7829, 7922]",0,0,0,0,0,1,0,0,"[7829, 7891]"
0,0,0,0,0,1,0,0,"[7829, 7922]",0,0,0,0,0,1,0,0,"[7895, 7921]"
0,0,0,0,0,1,0,0,"[7928, 7971]",0,0,0,0,0,1,0,0,"[7929, 7971]"
0,0,0,0,0,1,0,0,"[8111, 8131]",0,0,0,0,0,1,0,0,"[8112, 8130]"
0,0,0,0,0,1,0,0,"[8160, 8189]",0,0,0,0,0,1,0,0,"[8160, 8188]"
0,0,0,0,0,1,0,0,"[8537, 8608]",0,0,0,0,0,1,0,0,"[8537, 8608]"
0,0,0,0,0,1,0,0,"[8387, 8400]",0,0,0,0,0,1,0,0,"[8388, 8400]"
0,0,0,0,0,1,0,0,"[8315, 8352]",0,0,0,0,0,1,0,0,"[8316, 8353]"
0,0,0,1,0,0,0,0,"[8246, 8275]",0,0,0,1,0,0,0,0,"[8251, 8275]"
0,0,0,1,0,0,0,0,"[8449, 8466]",0,0,0,1,0,0,0,0,"[8459, 8466]"
0,0,0,0,0,1,0,0,"[8538, 8608]",0,0,0,0,0,1,0,0,"[8537, 8608]"
0,0,0,1,0,0,0,0,"[8666, 8676]",0,0,0,1,0,0,0,0,"[8668, 8676]"
0,0,0,1,0,0,0,0,"[8710, 8781]",0,0,0,1,0,0,0,0,"[8710, 8782]"
0,0,0,1,0,0,0,0,"[8795, 8810]",0,0,0,1,0,0,0,0,"[8791, 8811]"
0,0,0,1,0,0,0,0,"[8880, 8903]",0,0,0,1,0,0,0,0,"[8878, 8904]"
0,0,0,1,0,0,0,0,"[8959, 8971]",0,0,0,1,0,0,0,0,"[8960, 8972]"
0,0,0,0,0,1,0,0,"[8675, 8710]",0,0,0,0,0,1,0,0,"[8676, 8688]"
0,0,0,0,0,1,0,0,"[8675, 8710]",0,0,0,0,0,1,0,0,"[8691, 8710]"
0,0,0,0,0,1,0,0,"[8929, 8961]",0,0,0,0,0,1,0,0,"[8928, 8960]"
0,0,0,0,0,1,0,0,"[8971, 9027]",0,0,0,0,0,1,0,0,"[8972, 9028]"
1,0,0,0,0,0,0,0,"[8513, 8519]",0,0,0,0,0,0,0,1,-1
0,0,0,1,0,0,0,0,"[7920, 7929]",0,0,0,0,0,0,0,1,-1
0,0,0,1,0,0,0,0,"[8352, 8361]",0,0,0,0,0,0,0,1,-1
0,0,0,1,0,0,0,0,"[8376, 8388]",0,0,0,0,0,0,0,1,-1
0,0,0,1,0,0,0,0,"[8489, 8496]",0,0,0,0,0,0,0,1,-1
0,0,0,1,0,0,0,0,"[8530, 8538]",0,0,0,0,0,0,0,1,-1
0,0,0,0,0,0,0,1,-1,0,0,0,0,0,1,0,0,"[8081, 8088]"
0,0,0,0,0,0,0,1,-1,0,0,0,0,0,1,0,0,"[8485, 8488]"
0,0,0,0,0,0,0,1,-1,0,0,0,0,0,1,0,0,"[8523, 8529]"
0,0,0,0,0,0,0,1,-1,0,0,0,0,1,0,0,0,"[8782, 8790]"
0,0,0,0,0,0,0,1,-1,0,0,0,0,0,1,0,0,"[8811, 8816]"
1,0,0,0,0,0,0,0,"[8283, 8289]",1,0,0,0,0,0,0,0,"[8285, 8290]"
1,0,0,0,0,0,0,0,"[8304, 8311]",1,0,0,0,0,0,0,0,"[8304, 8311]"
1,0,0,0,0,0,0,0,"[8336, 8343]",1,0,0,0,0,0,0,0,"[8338, 8343]"
0,1,0,0,0,0,0,0,"[8520, 8537]",0,1,0,0,0,0,0,0,"[8523, 8537]"
0,1,0,0,0,0,0,0,"[8706, 8715]",0,1,0,0,0,0,0,0,"[8706, 8716]"
0,1,0,0,0,0,0,0,"[8735, 8791]",0,1,0,0,0,0,0,0,"[8778, 8791]"
0,1,0,0,0,0,0,0,"[8999, 9011]",0,1,0,0,0,0,0,0,"[8999, 9011]"
0,0,0,1,0,0,0,0,"[7820, 7843]",0,0,0,1,0,0,0,0,"[7818, 7844]"
0,0,0,1,0,0,0,0,"[7849, 7873]",0,0,0,1,0,0,0,0,"[7850, 7872]"
0,0,0,1,0,0,0,0,"[8039, 8053]",0,0,0,1,0,0,0,0,"[8038, 8054]"
0,0,0,0,1,0,0,0,"[7843, 7850]",0,0,0,0,1,0,0,0,"[7844, 7850]"
0,0,0,0,1,0,0,0,"[7872, 7880]",0,0,0,0,1,0,0,0,"[7872, 7879]"
0,0,0,0,0,1,0,0,"[7890, 7969]",0,0,0,0,0,1,0,0,"[7891, 7969]"
0,0,0,0,0,1,0,0,"[8053, 8134]",0,0,0,0,0,1,0,0,"[8054, 8093]"
0,0,0,0,0,1,0,0,"[8053, 8134]",0,0,0,0,0,1,0,0,"[8097, 8134]"
0,0,0,0,0,1,0,0,"[8148, 8184]",0,0,0,0,0,1,0,0,"[8141, 8184]"
0,0,0,1,0,0,0,0,"[8244, 8260]",0,0,0,1,0,0,0,0,"[8251, 8259]"
0,0,0,1,0,0,0,0,"[8448, 8468]",0,0,0,1,0,0,0,0,"[8459, 8468]"
0,0,0,1,0,0,0,0,"[8498, 8513]",0,0,0,1,0,0,0,0,"[8498, 8513]"
0,0,0,0,1,0,0,0,"[8259, 8269]",0,0,0,0,1,0,0,0,"[8259, 8271]"
0,0,0,0,1,0,0,0,"[8512, 8519]",0,0,0,0,1,0,0,0,"[8513, 8518]"
0,0,0,0,0,1,0,0,"[8557, 8585]",0,0,0,0,0,1,0,0,"[8557, 8586]"
0,0,0,0,0,1,0,0,"[8467, 8497]",0,0,0,0,0,1,0,0,"[8468, 8498]"
0,0,0,0,0,1,0,0,"[8348, 8401]",0,0,0,0,0,1,0,0,"[8348, 8367]"
0,0,0,0,0,1,0,0,"[8348, 8401]",0,0,0,0,0,1,0,0,"[8371, 8400]"
0,0,0,1,0,0,0,0,"[8670, 8692]",0,0,0,1,0,0,0,0,"[8668, 8692]"
0,0,0,1,0,0,0,0,"[8880, 8889]",0,0,0,1,0,0,0,0,"[8878, 8889]"
0,0,0,0,1,0,0,0,"[8985, 8996]",0,0,0,0,1,0,0,0,"[8987, 8992]"
0,0,0,0,1,0,0,0,"[8889, 8900]",0,0,0,0,1,0,0,0,"[8889, 8904]"
0,0,0,0,1,0,0,0,"[8691, 8699]",0,0,0,0,1,0,0,0,"[8692, 8699]"
0,0,0,0,0,1,0,0,"[8718, 8768]",0,0,0,0,0,1,0,0,"[8719, 8734]"
0,0,0,0,0,1,0,0,"[8718, 8768]",0,0,0,0,0,1,0,0,"[8740, 8742]"
0,0,0,0,0,1,0,0,"[8718, 8768]",0,0,0,0,0,1,0,0,"[8747, 8778]"
0,0,0,0,0,1,0,0,"[8801, 8820]",0,0,0,0,0,1,0,0,"[8802, 8819]"
0,0,0,0,0,1,0,0,"[8904, 8976]",0,0,0,0,0,1,0,0,"[8904, 8943]"
0,0,0,0,0,1,0,0,"[8904, 8976]",0,0,0,0,0,1,0,0,"[8949, 8977]"
0,0,0,0,0,1,0,0,"[9014, 9026]",0,0,0,0,0,1,0,0,"[9013, 9029]"
1,0,0,0,0,0,0,0,"[8547, 8553]",0,1,0,0,0,0,0,0,"[8539, 8554]"
0,1,0,0,0,0,0,0,"[8735, 8791]",0,0,0,0,0,1,0,0,"[8747, 8778]"
0,0,0,1,0,0,0,0,"[7879, 7891]",0,0,0,0,0,0,0,1,-1
0,0,0,1,0,0,0,0,"[8134, 8142]",0,0,0,0,0,0,0,1,-1
0,0,0,1,0,0,0,0,"[8976, 8987]",0,0,0,0,0,0,0,1,-1
0,0,0,0,0,0,0,1,-1,0,0,0,0,0,1,0,0,"[8293, 8300]"
0,0,0,0,0,0,0,1,-1,0,0,0,0,0,1,0,0,"[8314, 8317]"
0,0,0,0,0,0,0,1,-1,0,0,0,0,1,0,0,0,"[8368, 8372]"
0,0,0,0,0,0,0,1,-1,0,0,0,0,1,0,0,0,"[8594, 8601]"
0,0,0,0,0,0,0,1,-1,0,0,0,0,0,1,0,0,"[8601, 8608]"
0,0,0,0,0,0,0,1,-1,0,0,0,0,0,1,0,0,"[8699, 8703]"
0,0,0,0,0,0,0,1,-1,0,0,0,0,1,0,0,0,"[8943, 8946]"
0,1,0,0,0,0,0,0,"[8107, 8151]",0,1,0,0,0,0,0,0,"[8137, 8150]"
0,1,0,0,0,0,0,0,"[8367, 8383]",0,1,0,0,0,0,0,0,"[8367, 8383]"
0,1,0,0,0,0,0,0,"[8477, 8497]",0,1,0,0,0,0,0,0,"[8478, 8498]"
0,1,0,0,0,0,0,0,"[8777, 8815]",0,1,0,0,0,0,0,0,"[8800, 8815]"
0,1,0,0,0,0,0,0,"[8889, 8921]",0,1,0,0,0,0,0,0,"[8901, 8921]"
0,1,0,0,0,0,0,0,"[9009, 9018]",0,1,0,0,0,0,0,0,"[9009, 9018]"
0,0,0,1,0,0,0,0,"[7818, 7838]",0,0,0,1,0,0,0,0,"[7818, 7837]"
0,0,0,1,0,0,0,0,"[7911, 7926]",0,0,0,1,0,0,0,0,"[7911, 7927]"
0,0,0,1,0,0,0,0,"[8038, 8049]",0,0,0,1,0,0,0,0,"[8038, 8049]"
0,0,0,0,1,0,0,0,"[7902, 7911]",0,0,0,0,1,0,0,0,"[7903, 7911]"
0,0,0,0,0,1,0,0,"[7842, 7903]",0,0,0,0,0,1,0,0,"[7842, 7903]"
0,0,0,0,0,1,0,0,"[7927, 7969]",0,0,0,0,0,1,0,0,"[7927, 7968]"
0,0,0,0,0,1,0,0,"[8048, 8115]",0,0,0,0,0,1,0,0,"[8049, 8115]"
0,0,0,0,0,1,0,0,"[8152, 8171]",0,0,0,0,0,1,0,0,"[8153, 8170]"
0,0,0,1,0,0,0,0,"[8244, 8262]",0,0,0,1,0,0,0,0,"[8251, 8262]"
0,0,0,1,0,0,0,0,"[8355, 8367]",0,0,0,1,0,0,0,0,"[8354, 8367]"
0,0,0,1,0,0,0,0,"[8456, 8477]",0,0,0,1,0,0,0,0,"[8459, 8478]"
0,0,0,0,0,1,0,0,"[8514, 8601]",0,0,0,0,0,1,0,0,"[8514, 8577]"
0,0,0,0,0,1,0,0,"[8514, 8601]",0,0,0,0,0,1,0,0,"[8580, 8602]"
0,0,0,0,0,1,0,0,"[8262, 8355]",0,0,0,0,0,1,0,0,"[8262, 8324]"
0,0,0,0,0,1,0,0,"[8262, 8355]",0,0,0,0,0,1,0,0,"[8330, 8342]"
0,0,0,0,0,1,0,0,"[8262, 8355]",0,0,0,0,0,1,0,0,"[8350, 8354]"
0,0,0,0,0,1,0,0,"[8385, 8402]",0,0,0,0,0,1,0,0,"[8383, 8400]"
0,0,0,1,0,0,0,0,"[8662, 8680]",0,0,0,1,0,0,0,0,"[8668, 8680]"
0,0,0,1,0,0,0,0,"[8879, 8892]",0,0,0,1,0,0,0,0,"[8878, 8892]"
0,0,0,1,0,0,0,0,"[8941, 8954]",0,0,0,1,0,0,0,0,"[8941, 8954]"
0,0,0,1,0,0,0,0,"[8989, 9001]",0,0,0,1,0,0,0,0,"[8988, 9002]"
0,0,0,0,0,1,0,0,"[8679, 8774]",0,0,0,0,0,1,0,0,"[8680, 8739]"
0,0,0,0,0,1,0,0,"[8679, 8774]",0,0,0,0,0,1,0,0,"[8742, 8774]"
0,0,0,0,0,1,0,0,"[8926, 8942]",0,0,0,0,0,1,0,0,"[8926, 8941]"
0,0,0,0,0,1,0,0,"[8954, 8988]",0,0,0,0,0,1,0,0,"[8954, 8988]"
0,1,0,0,0,0,0,0,"[8777, 8815]",0,0,0,0,0,1,0,0,"[8777, 8796]"
1,0,0,0,0,0,0,0,"[9021, 9029]",0,1,0,0,0,0,0,0,"[9023, 9029]"
0,0,0,1,0,0,0,0,"[8169, 8177]",0,0,0,0,0,0,0,1,-1
0,0,0,1,0,0,0,0,"[8498, 8514]",0,0,0,0,0,0,0,1,-1
0,0,0,0,0,0,0,1,-1,0,0,0,0,1,0,0,0,"[7837, 7839]"
0,0,0,0,0,0,0,1,-1,0,0,0,0,1,0,0,0,"[8115, 8125]"
0,0,0,0,0,0,0,1,-1,0,0,0,0,0,1,0,0,"[8125, 8137]"
0,0,0,0,0,0,0,1,-1,0,0,0,0,0,1,0,0,"[8176, 8178]"
0,0,0,0,0,0,0,1,-1,0,0,0,0,0,1,0,0,"[8184, 8188]"
0,0,0,0,0,0,0,1,-1,0,0,0,0,0,1,0,0,"[8816, 8820]"
0,0,0,0,0,0,0,1,-1,0,0,0,0,0,1,0,0,"[8892, 8894]"
0,0,0,0,0,0,0,1,-1,0,0,0,0,0,1,0,0,"[9002, 9005]"
0,0,1,0,0,0,0,0,"[16891, 16899]",0,0,1,0,0,0,0,0,"[16891, 16900]"
0,0,1,0,0,0,0,0,"[16981, 16989]",0,0,1,0,0,0,0,0,"[16979, 16989]"
1,0,0,0,0,0,0,0,"[17293, 17299]",1,0,0,0,0,0,0,0,"[17293, 17297]"
0,0,0,1,0,0,0,0,"[15383, 15490]",0,0,0,1,0,0,0,0,"[15371, 15487]"
0,0,0,1,0,0,0,0,"[15770, 15826]",0,0,0,1,0,0,0,0,"[15765, 15824]"
0,0,0,1,0,0,0,0,"[16135, 16234]",0,0,0,1,0,0,0,0,"[16146, 16234]"
0,0,0,1,0,0,0,0,"[16530, 16551]",0,0,0,1,0,0,0,0,"[16534, 16551]"
0,0,0,1,0,0,0,0,"[16844, 16891]",0,0,0,1,0,0,0,0,"[16836, 16891]"
0,0,0,1,0,0,0,0,"[17152, 17230]",0,0,0,1,0,0,0,0,"[17147, 17225]"
0,0,1,0,0,0,0,0,"[16231, 16245]",1,0,0,0,0,0,0,0,"[16234, 16243]"
0,0,1,0,0,0,0,0,"[16646, 16654]",1,0,0,0,0,0,0,0,"[16647, 16653]"
0,0,1,0,0,0,0,0,"[17227, 17233]",0,0,0,0,0,0,1,0,"[17225, 17236]"
0,0,0,0,0,0,1,0,"[16977, 16992]",0,0,0,0,0,0,0,1,-1
0,0,0,1,0,0,0,0,"[17231, 17297]",0,0,0,0,0,0,0,1,-1
0,0,0,0,0,0,0,1,-1,0,0,0,0,1,0,0,0,"[15488, 15521]"
0,0,0,0,0,0,0,1,-1,0,0,0,0,1,0,0,0,"[15824, 15833]"
0,0,0,0,0,0,0,1,-1,0,0,0,0,1,0,0,0,"[15860, 15882]"
0,0,0,0,0,0,0,1,-1,0,0,0,0,0,1,0,0,"[16551, 16556]"
0,1,0,0,0,0,0,0,"[15842, 15856]",0,1,0,0,0,0,0,0,"[15839, 15856]"
0,1,0,0,0,0,0,0,"[15893, 15907]",0,1,0,0,0,0,0,0,"[15893, 15906]"
1,0,0,0,0,0,0,0,"[15907, 15914]",1,0,0,0,0,0,0,0,"[15909, 15913]"
1,0,0,0,0,0,0,0,"[16553, 16561]",1,0,0,0,0,0,0,0,"[16556, 16562]"
0,0,0,1,0,0,0,0,"[15375, 15407]",0,0,0,1,0,0,0,0,"[15371, 15406]"
0,0,0,1,0,0,0,0,"[15487, 15508]",0,0,0,1,0,0,0,0,"[15489, 15509]"
0,0,0,0,0,1,0,0,"[15406, 15489]",0,0,0,0,0,1,0,0,"[15406, 15489]"
0,0,0,0,0,1,0,0,"[15505, 15525]",0,0,0,0,0,1,0,0,"[15509, 15522]"
0,0,0,1,0,0,0,0,"[15765, 15776]",0,0,0,1,0,0,0,0,"[15765, 15776]"
0,0,0,0,0,1,0,0,"[15776, 15837]",0,0,0,0,0,1,0,0,"[15776, 15838]"
0,0,0,0,1,0,0,0,"[15879, 15885]",0,0,0,0,1,0,0,0,"[15878, 15885]"
0,0,0,1,0,0,0,0,"[16138, 16154]",0,0,0,1,0,0,0,0,"[16146, 16153]"
0,0,0,1,0,0,0,0,"[16531, 16545]",0,0,0,1,0,0,0,0,"[16534, 16544]"
0,0,0,0,0,1,0,0,"[16605, 16651]",0,0,0,0,0,1,0,0,"[16606, 16651]"
0,0,0,0,1,0,0,0,"[16651, 16681]",0,0,0,0,1,0,0,0,"[16656, 16680]"
0,0,0,1,0,0,0,0,"[16834, 16885]",0,0,0,1,0,0,0,0,"[16836, 16887]"
0,0,0,1,0,0,0,0,"[17145, 17157]",0,0,0,1,0,0,0,0,"[17147, 17156]"
0,0,0,0,0,1,0,0,"[16885, 16992]",0,0,0,0,0,1,0,0,"[16887, 16991]"
0,0,0,0,0,1,0,0,"[17155, 17293]",0,0,0,0,0,1,0,0,"[17156, 17160]"
0,0,0,0,0,1,0,0,"[17155, 17293]",0,0,0,0,0,1,0,0,"[17182, 17293]"
0,1,0,0,0,0,0,0,"[16152, 16172]",0,0,0,0,0,1,0,0,"[16153, 16160]"
0,1,0,0,0,0,0,0,"[16173, 16194]",0,0,0,0,0,1,0,0,"[16173, 16184]"
1,0,0,0,0,0,0,0,"[16568, 16574]",0,1,0,0,0,0,0,0,"[16565, 16574]"
1,0,0,0,0,0,0,0,"[16581, 16587]",0,1,0,0,0,0,0,0,"[16577, 16594]"
1,0,0,0,0,0,0,0,"[16587, 16593]",0,0,0,0,0,0,0,1,-1
0,0,0,1,0,0,0,0,"[16260, 16272]",0,0,0,0,0,0,0,1,-1
0,0,0,0,0,0,0,1,-1,0,0,0,0,0,1,0,0,"[15862, 15865]"
0,0,0,0,0,0,0,1,-1,1,0,0,0,0,0,0,0,"[16166, 16171]"
0,0,0,0,0,0,0,1,-1,1,0,0,0,0,0,0,0,"[16186, 16194]"
0,0,0,0,0,0,0,1,-1,0,0,0,0,0,1,0,0,"[16197, 16218]"
0,0,0,0,0,0,0,1,-1,0,0,0,0,1,0,0,0,"[16233, 16236]"
0,0,0,0,0,0,0,1,-1,0,0,0,0,0,1,0,0,"[16257, 16260]"
0,0,0,0,0,0,0,1,-1,0,0,0,0,0,1,0,0,"[16284, 16287]"
0,0,0,0,0,0,0,1,-1,0,0,0,0,1,0,0,0,"[16273, 16276]"
0,0,0,0,0,0,0,1,-1,0,0,0,0,0,1,0,0,"[16544, 16548]"
0,0,0,0,0,0,0,1,-1,0,0,0,0,0,1,0,0,"[16680, 16685]"
0,0,1,0,0,0,0,0,"[13283, 13290]",0,0,1,0,0,0,0,0,"[13286, 13290]"
0,0,1,0,0,0,0,0,"[13314, 13321]",0,0,1,0,0,0,0,0,"[13316, 13321]"
0,0,1,0,0,0,0,0,"[13335, 13342]",0,0,1,0,0,0,0,0,"[13337, 13341]"
1,0,0,0,0,0,0,0,"[13496, 13503]",1,0,0,0,0,0,0,0,"[13497, 13501]"
0,1,0,0,0,0,0,0,"[13720, 13733]",0,1,0,0,0,0,0,0,"[13720, 13734]"
0,1,0,0,0,0,0,0,"[13744, 13757]",0,1,0,0,0,0,0,0,"[13746, 13758]"
0,0,1,0,0,0,0,0,"[13761, 13769]",0,0,1,0,0,0,0,0,"[13763, 13768]"
0,0,1,0,0,0,0,0,"[14184, 14192]",0,0,1,0,0,0,0,0,"[14185, 14192]"
0,0,0,1,0,0,0,0,"[12988, 13070]",0,0,0,1,0,0,0,0,"[13000, 13069]"
0,0,0,1,0,0,0,0,"[13091, 13120]",0,0,0,1,0,0,0,0,"[13091, 13121]"
0,0,0,1,0,0,0,0,"[13125, 13147]",0,0,0,1,0,0,0,0,"[13124, 13138]"
0,0,0,1,0,0,0,0,"[13233, 13285]",0,0,0,1,0,0,0,0,"[13232, 13286]"
0,0,0,1,0,0,0,0,"[13342, 13380]",0,0,0,1,0,0,0,0,"[13341, 13379]"
0,0,0,1,0,0,0,0,"[13319, 13337]",0,0,0,1,0,0,0,0,"[13321, 13337]"
0,0,0,0,0,0,1,0,"[13468, 13474]",0,0,0,0,0,0,1,0,"[13470, 13473]"
0,0,0,1,0,0,0,0,"[13698, 13721]",0,0,0,1,0,0,0,0,"[13701, 13720]"
0,0,0,1,0,0,0,0,"[13780, 13796]",0,0,0,1,0,0,0,0,"[13780, 13796]"
0,0,0,1,0,0,0,0,"[13800, 13823]",0,0,0,1,0,0,0,0,"[13801, 13822]"
0,0,0,1,0,0,0,0,"[13952, 13978]",0,0,0,1,0,0,0,0,"[13953, 13978]"
0,0,0,1,0,0,0,0,"[14005, 14103]",0,0,0,1,0,0,0,0,"[14005, 14102]"
0,0,0,1,0,0,0,0,"[14158, 14185]",0,0,0,1,0,0,0,0,"[14160, 14185]"
0,0,0,0,1,0,0,0,"[13978, 13990]",0,0,0,0,1,0,0,0,"[13978, 13993]"
0,0,0,0,1,0,0,0,"[14213, 14235]",0,0,0,0,1,0,0,0,"[14202, 14236]"
0,0,0,0,1,0,0,0,"[14250, 14306]",0,0,0,0,1,0,0,0,"[14252, 14309]"
0,1,0,0,0,0,0,0,"[13479, 13486]",1,0,0,0,0,0,0,0,"[13480, 13485]"
0,0,0,1,0,0,0,0,"[13535, 13617]",0,0,0,0,0,0,0,1,-1
0,0,0,1,0,0,0,0,"[14234, 14252]",0,0,0,0,0,0,0,1,-1
0,0,0,0,0,0,0,1,-1,0,0,0,0,0,1,0,0,"[13069, 13091]"
0,0,0,0,0,0,0,1,-1,0,0,0,0,0,1,0,0,"[13121, 13124]"
0,0,0,0,0,0,0,1,-1,0,0,0,0,0,1,0,0,"[13379, 13383]"
0,0,0,0,0,0,0,1,-1,0,0,0,0,0,1,0,0,"[13507, 13518]"
0,0,0,0,0,0,0,1,-1,0,0,0,0,1,0,0,0,"[13533, 13535]"
0,0,0,0,0,0,0,1,-1,0,0,0,0,0,1,0,0,"[13776, 13780]"
0,0,0,0,0,0,0,1,-1,0,0,0,0,0,1,0,0,"[13796, 13801]"
0,0,0,0,0,0,0,1,-1,0,0,0,0,0,1,0,0,"[13822, 13847]"
0,0,0,0,0,0,0,1,-1,0,0,0,0,1,0,0,0,"[14000, 14005]"
1,0,0,0,0,0,0,0,"[13301, 13308]",1,0,0,0,0,0,0,0,"[13300, 13309]"
1,0,0,0,0,0,0,0,"[13585, 13590]",1,0,0,0,0,0,0,0,"[13584, 13593]"
0,1,0,0,0,0,0,0,"[13717, 13752]",0,1,0,0,0,0,0,0,"[13716, 13753]"
0,1,0,0,0,0,0,0,"[14183, 14273]",0,1,0,0,0,0,0,0,"[14237, 14275]"
1,0,0,0,0,0,0,0,"[14297, 14302]",1,0,0,0,0,0,0,0,"[14297, 14302]"
0,0,0,1,0,0,0,0,"[12991, 13023]",0,0,0,1,0,0,0,0,"[12985, 13020]"
0,0,0,1,0,0,0,0,"[13232, 13247]",0,0,0,1,0,0,0,0,"[13232, 13246]"
0,0,0,0,0,1,0,0,"[13020, 13136]",0,0,0,0,0,1,0,0,"[13020, 13041]"
0,0,0,0,0,1,0,0,"[13020, 13136]",0,0,0,0,0,1,0,0,"[13052, 13138]"
0,0,0,0,0,1,0,0,"[13315, 13340]",0,0,0,0,0,1,0,0,"[13314, 13342]"
0,0,0,1,0,0,0,0,"[13463, 13529]",0,0,0,1,0,0,0,0,"[13462, 13529]"
0,0,0,1,0,0,0,0,"[13700, 13717]",0,0,0,1,0,0,0,0,"[13701, 13716]"
0,0,0,1,0,0,0,0,"[13950, 13971]",0,0,0,1,0,0,0,0,"[13950, 13969]"
0,0,0,1,0,0,0,0,"[14159, 14184]",0,0,0,1,0,0,0,0,"[14160, 14183]"
0,0,0,0,0,1,0,0,"[13969, 14098]",0,0,0,0,0,1,0,0,"[13969, 14032]"
0,0,0,0,0,1,0,0,"[13969, 14098]",0,0,0,0,0,1,0,0,"[14093, 14100]"
0,0,0,0,0,0,0,1,-1,0,0,0,0,0,1,0,0,"[13246, 13264]"
0,0,0,0,0,0,0,1,-1,0,1,0,0,0,0,0,0,"[13528, 13593]"
0,0,0,0,0,0,0,1,-1,0,0,0,0,0,1,0,0,"[13762, 13784]"
0,0,0,0,0,0,0,1,-1,0,0,0,0,0,1,0,0,"[13831, 13837]"
0,0,0,0,0,0,0,1,-1,0,0,0,0,0,1,0,0,"[14183, 14199]"
0,0,0,0,0,0,0,1,-1,0,0,0,0,0,1,0,0,"[14238, 14250]"
0,0,0,0,0,0,0,1,-1,0,0,0,0,0,1,0,0,"[14275, 14281]"
1,0,0,0,0,0,0,0,"[13256, 13261]",1,0,0,0,0,0,0,0,"[13256, 13260]"
1,0,0,0,0,0,0,0,"[13267, 13273]",1,0,0,0,0,0,0,0,"[13267, 13275]"
1,0,0,0,0,0,0,0,"[13279, 13285]",1,0,0,0,0,0,0,0,"[13278, 13284]"
1,0,0,0,0,0,0,0,"[13487, 13492]",1,0,0,0,0,0,0,0,"[13487, 13492]"
1,0,0,0,0,0,0,0,"[13494, 13500]",1,0,0,0,0,0,0,0,"[13495, 13499]"
1,0,0,0,0,0,0,0,"[13502, 13507]",1,0,0,0,0,0,0,0,"[13502, 13506]"
1,0,0,0,0,0,0,0,"[13731, 13736]",1,0,0,0,0,0,0,0,"[13731, 13736]"
1,0,0,0,0,0,0,0,"[13741, 13746]",1,0,0,0,0,0,0,0,"[13740, 13745]"
0,1,0,0,0,0,0,0,"[13779, 13797]",0,1,0,0,0,0,0,0,"[13779, 13797]"
1,0,0,0,0,0,0,0,"[14182, 14187]",1,0,0,0,0,0,0,0,"[14182, 14188]"
0,0,0,1,0,0,0,0,"[12987, 13017]",0,0,0,1,0,0,0,0,"[12985, 13016]"
0,0,0,1,0,0,0,0,"[13232, 13255]",0,0,0,1,0,0,0,0,"[13232, 13256]"
0,0,0,1,0,0,0,0,"[13306, 13326]",0,0,0,1,0,0,0,0,"[13304, 13325]"
0,0,0,0,0,1,0,0,"[13017, 13133]",0,0,0,0,0,1,0,0,"[13016, 13038]"
0,0,0,0,0,1,0,0,"[13017, 13133]",0,0,0,0,0,1,0,0,"[13047, 13133]"
0,0,0,0,0,1,0,0,"[13285, 13305]",0,0,0,0,0,1,0,0,"[13284, 13304]"
0,0,0,1,0,0,0,0,"[13465, 13487]",0,0,0,1,0,0,0,0,"[13462, 13487]"
0,0,0,1,0,0,0,0,"[13700, 13731]",0,0,0,1,0,0,0,0,"[13701, 13731]"
0,0,0,1,0,0,0,0,"[13746, 13779]",0,0,0,1,0,0,0,0,"[13745, 13779]"
0,0,0,0,0,1,0,0,"[13508, 13610]",0,0,0,0,0,1,0,0,"[13509, 13586]"
0,0,0,0,0,1,0,0,"[13508, 13610]",0,0,0,0,0,1,0,0,"[13588, 13611]"
0,0,0,0,0,1,0,0,"[13801, 13849]",0,0,0,0,0,1,0,0,"[13801, 13823]"
0,0,0,0,0,1,0,0,"[13801, 13849]",0,0,0,0,0,1,0,0,"[13830, 13848]"
0,0,0,0,0,1,0,0,"[14219, 14291]",0,0,0,0,0,1,0,0,"[14219, 14293]"
0,0,0,0,0,1,0,0,"[13963, 14018]",0,0,0,0,0,1,0,0,"[13962, 14019]"
0,0,0,0,1,0,0,0,"[14292, 14300]",0,0,0,0,1,0,0,0,"[14293, 14301]"
0,0,0,1,0,0,0,0,"[13951, 13962]",0,0,0,1,0,0,0,0,"[13950, 13962]"
0,0,0,1,0,0,0,0,"[14019, 14104]",0,0,0,1,0,0,0,0,"[14019, 14103]"
0,0,0,1,0,0,0,0,"[14160, 14182]",0,0,0,1,0,0,0,0,"[14160, 14182]"
0,0,0,1,0,0,0,0,"[14188, 14219]",0,0,0,1,0,0,0,0,"[14188, 14219]"
0,0,0,0,0,1,0,0,"[13325, 13383]",0,0,0,1,0,0,0,0,"[13325, 13384]"
0,0,0,0,0,0,0,1,-1,0,0,0,0,1,0,0,0,"[13826, 13830]"
0,1,0,0,0,0,0,0,"[8095, 8112]",0,1,0,0,0,0,0,0,"[8094, 8114]"
0,1,0,0,0,0,0,0,"[8181, 8192]",0,1,0,0,0,0,0,0,"[8183, 8190]"
0,1,0,0,0,0,0,0,"[8196, 8210]",0,1,0,0,0,0,0,0,"[8196, 8210]"
0,1,0,0,0,0,0,0,"[8387, 8401]",0,1,0,0,0,0,0,0,"[8388, 8401]"
0,1,0,0,0,0,0,0,"[8484, 8495]",0,1,0,0,0,0,0,0,"[8486, 8495]"
0,1,0,0,0,0,0,0,"[8500, 8511]",0,1,0,0,0,0,0,0,"[8502, 8508]"
0,1,0,0,0,0,0,0,"[8695, 8709]",0,1,0,0,0,0,0,0,"[8696, 8709]"
0,1,0,0,0,0,0,0,"[8733, 8744]",0,1,0,0,0,0,0,0,"[8733, 8744]"
0,1,0,0,0,0,0,0,"[8927, 8953]",0,1,0,0,0,0,0,0,"[8928, 8954]"
0,1,0,0,0,0,0,0,"[9160, 9177]",0,1,0,0,0,0,0,0,"[9160, 9177]"
0,0,0,1,0,0,0,0,"[7819, 7829]",0,0,0,1,0,0,0,0,"[7819, 7828]"
0,0,0,1,0,0,0,0,"[7862, 7874]",0,0,0,1,0,0,0,0,"[7863, 7874]"
0,0,0,1,0,0,0,0,"[8074, 8094]",0,0,0,1,0,0,0,0,"[8081, 8094]"
0,0,0,1,0,0,0,0,"[8142, 8183]",0,0,0,1,0,0,0,0,"[8142, 8183]"
0,0,0,0,1,0,0,0,"[7940, 7973]",0,0,0,0,1,0,0,0,"[7941, 7946]"
0,0,0,0,1,0,0,0,"[7940, 7973]",0,0,0,0,1,0,0,0,"[7953, 7971]"
0,0,0,0,0,1,0,0,"[7829, 7862]",0,0,0,0,0,1,0,0,"[7828, 7863]"
0,0,0,0,0,1,0,0,"[7874, 7937]",0,0,0,0,0,1,0,0,"[7874, 7904]"
0,0,0,0,0,1,0,0,"[7874, 7937]",0,0,0,0,0,1,0,0,"[7906, 7938]"
0,0,0,0,0,1,0,0,"[8114, 8142]",0,0,0,0,0,1,0,0,"[8114, 8142]"
0,0,0,0,0,1,0,0,"[8211, 8221]",0,0,0,0,0,1,0,0,"[8211, 8221]"
0,0,0,1,0,0,0,0,"[8376, 8389]",0,0,0,1,0,0,0,0,"[8383, 8388]"
0,0,0,1,0,0,0,0,"[8433, 8458]",0,0,0,1,0,0,0,0,"[8434, 8457]"
0,0,0,1,0,0,0,0,"[8467, 8485]",0,0,0,1,0,0,0,0,"[8467, 8486]"
0,0,0,1,0,0,0,0,"[8680, 8697]",0,0,0,1,0,0,0,0,"[8688, 8696]"
0,0,0,1,0,0,0,0,"[8721, 8733]",0,0,0,1,0,0,0,0,"[8721, 8733]"
0,0,0,0,1,0,0,0,"[8458, 8468]",0,0,0,0,1,0,0,0,"[8457, 8467]"
0,0,0,0,0,1,0,0,"[8400, 8433]",0,0,0,0,0,1,0,0,"[8401, 8434]"
0,0,0,0,0,1,0,0,"[8515, 8530]",0,0,0,0,0,1,0,0,"[8514, 8532]"
0,0,0,0,0,1,0,0,"[8746, 8827]",0,0,0,0,0,1,0,0,"[8744, 8773]"
0,0,0,0,0,1,0,0,"[8746, 8827]",0,0,0,0,0,1,0,0,"[8780, 8795]"
0,0,0,0,0,1,0,0,"[8746, 8827]",0,0,0,0,0,1,0,0,"[8800, 8829]"
0,0,0,1,0,0,0,0,"[8914, 8928]",0,0,0,1,0,0,0,0,"[8921, 8928]"
0,0,0,1,0,0,0,0,"[8965, 8978]",0,0,0,1,0,0,0,0,"[8965, 8977]"
0,0,0,1,0,0,0,0,"[9125, 9160]",0,0,0,1,0,0,0,0,"[9131, 9160]"
0,0,0,0,0,1,0,0,"[8954, 8966]",0,0,0,0,0,1,0,0,"[8954, 8965]"
0,0,0,0,0,1,0,0,"[8978, 9070]",0,0,0,0,0,1,0,0,"[8977, 9034]"
0,0,0,0,0,1,0,0,"[8978, 9070]",0,0,0,0,0,1,0,0,"[9034, 9039]"
0,0,0,0,0,1,0,0,"[8978, 9070]",0,0,0,0,0,1,0,0,"[9043, 9071]"
0,0,0,0,0,1,0,0,"[9178, 9200]",0,0,0,0,0,1,0,0,"[9177, 9201]"
0,0,0,0,0,1,0,0,"[9206, 9280]",0,0,0,0,0,1,0,0,"[9207, 9276]"
1,0,0,0,0,0,0,0,"[8715, 8721]",0,1,0,0,0,0,0,0,"[8711, 8721]"
0,0,0,1,0,0,0,0,"[7945, 7954]",0,0,0,0,0,0,0,1,-1
0,0,0,1,0,0,0,0,"[8221, 8238]",0,0,0,0,0,0,0,1,-1
0,0,0,0,1,0,0,0,"[8195, 8200]",0,0,0,0,0,0,0,1,-1
0,0,0,0,0,0,0,1,-1,0,0,0,1,0,0,0,0,"[8832, 8843]"
0,1,0,0,0,0,0,0,"[8098, 8121]",0,1,0,0,0,0,0,0,"[8099, 8121]"
0,1,0,0,0,0,0,0,"[8140, 8171]",0,1,0,0,0,0,0,0,"[8139, 8171]"
0,1,0,0,0,0,0,0,"[8173, 8189]",0,1,0,0,0,0,0,0,"[8174, 8191]"
0,1,0,0,0,0,0,0,"[8400, 8416]",0,1,0,0,0,0,0,0,"[8400, 8416]"
1,0,0,0,0,0,0,0,"[8521, 8531]",1,0,0,0,0,0,0,0,"[8523, 8529]"
0,1,0,0,0,0,0,0,"[8697, 8710]",0,1,0,0,0,0,0,0,"[8696, 8711]"
0,1,0,0,0,0,0,0,"[8767, 8786]",0,1,0,0,0,0,0,0,"[8768, 8787]"
0,1,0,0,0,0,0,0,"[8803, 8827]",0,1,0,0,0,0,0,0,"[8791, 8828]"
0,1,0,0,0,0,0,0,"[8952, 8961]",0,1,0,0,0,0,0,0,"[8941, 8962]"
0,1,0,0,0,0,0,0,"[9160, 9203]",0,1,0,0,0,0,0,0,"[9160, 9203]"
0,0,0,1,0,0,0,0,"[7819, 7832]",0,0,0,1,0,0,0,0,"[7819, 7831]"
0,0,0,1,0,0,0,0,"[7858, 7872]",0,0,0,1,0,0,0,0,"[7859, 7871]"
0,0,0,1,0,0,0,0,"[7888, 7901]",0,0,0,1,0,0,0,0,"[7889, 7900]"
0,0,0,1,0,0,0,0,"[8083, 8099]",0,0,0,1,0,0,0,0,"[8081, 8099]"
0,0,0,0,1,0,0,0,"[8125, 8134]",0,0,0,0,1,0,0,0,"[8126, 8133]"
0,0,0,0,0,1,0,0,"[7831, 7859]",0,0,0,0,0,1,0,0,"[7831, 7859]"
0,0,0,0,0,1,0,0,"[7871, 7891]",0,0,0,0,0,1,0,0,"[7871, 7889]"
0,0,0,0,0,1,0,0,"[7900, 7968]",0,0,0,0,0,1,0,0,"[7900, 7968]"
0,0,0,0,0,1,0,0,"[8189, 8209]",0,0,0,0,0,1,0,0,"[8191, 8209]"
0,0,0,0,1,0,0,0,"[8210, 8214]",0,0,0,0,1,0,0,0,"[8210, 8214]"
0,0,0,0,0,1,0,0,"[8214, 8228]",0,0,0,0,0,1,0,0,"[8214, 8229]"
0,0,0,1,0,0,0,0,"[8371, 8389]",0,0,0,1,0,0,0,0,"[8383, 8388]"
0,0,0,1,0,0,0,0,"[8465, 8484]",0,0,0,1,0,0,0,0,"[8465, 8484]"
0,0,0,1,0,0,0,0,"[8497, 8520]",0,0,0,1,0,0,0,0,"[8497, 8523]"
0,0,0,1,0,0,0,0,"[8686, 8697]",0,0,0,1,0,0,0,0,"[8688, 8696]"
0,0,0,1,0,0,0,0,"[8715, 8725]",0,0,0,1,0,0,0,0,"[8716, 8726]"
0,0,0,1,0,0,0,0,"[8753, 8767]",0,0,0,1,0,0,0,0,"[8752, 8768]"
0,0,0,0,1,0,0,0,"[8386, 8398]",0,0,0,0,1,0,0,0,"[8388, 8396]"
0,0,0,0,1,0,0,0,"[8484, 8499]",0,0,0,0,1,0,0,0,"[8484, 8497]"
0,0,0,0,0,1,0,0,"[8435, 8465]",0,0,0,0,0,1,0,0,"[8434, 8465]"
0,0,0,0,0,1,0,0,"[8725, 8754]",0,0,0,0,0,1,0,0,"[8726, 8752]"
0,0,0,1,0,0,0,0,"[8912, 8941]",0,0,0,1,0,0,0,0,"[8922, 8941]"
0,0,0,1,0,0,0,0,"[8990, 9014]",0,0,0,1,0,0,0,0,"[8991, 9014]"
0,0,0,1,0,0,0,0,"[9124, 9140]",0,0,0,1,0,0,0,0,"[9132, 9140]"
0,0,0,0,0,1,0,0,"[8960, 8990]",0,0,0,0,0,1,0,0,"[8962, 8991]"
0,0,0,0,0,1,0,0,"[9014, 9069]",0,0,0,0,0,1,0,0,"[9014, 9069]"
0,0,0,0,0,1,0,0,"[9141, 9155]",0,0,0,0,0,1,0,0,"[9140, 9155]"
0,0,0,0,0,1,0,0,"[9207, 9263]",0,0,0,0,0,1,0,0,"[9207, 9282]"
0,0,0,0,0,1,0,0,"[9271, 9282]",0,0,0,0,0,1,0,0,"[9207, 9282]"
0,1,0,0,0,0,0,0,"[8419, 8434]",0,0,0,0,0,0,0,1,-1
0,0,0,1,0,0,0,0,"[8131, 8140]",0,0,0,0,0,0,0,1,-1
0,0,0,0,0,1,0,0,"[8789, 8803]",0,0,0,0,0,0,0,1,-1
0,0,0,0,1,0,0,0,"[8941, 8950]",0,0,0,0,0,0,0,1,-1
0,0,0,0,1,0,0,0,"[9267, 9271]",0,0,0,0,0,0,0,1,-1
0,0,0,0,0,0,0,1,-1,0,0,0,0,1,0,0,0,"[8711, 8716]"
0,0,0,0,0,0,0,1,-1,0,0,0,0,0,1,0,0,"[8835, 8841]"
0,1,0,0,0,0,0,0,"[8092, 8111]",0,1,0,0,0,0,0,0,"[8094, 8112]"
0,1,0,0,0,0,0,0,"[8138, 8156]",0,1,0,0,0,0,0,0,"[8136, 8163]"
0,1,0,0,0,0,0,0,"[8387, 8401]",0,1,0,0,0,0,0,0,"[8389, 8400]"
0,1,0,0,0,0,0,0,"[8421, 8445]",0,1,0,0,0,0,0,0,"[8423, 8446]"
0,1,0,0,0,0,0,0,"[8445, 8462]",0,1,0,0,0,0,0,0,"[8446, 8462]"
0,1,0,0,0,0,0,0,"[8747, 8753]",0,1,0,0,0,0,0,0,"[8747, 8753]"
0,1,0,0,0,0,0,0,"[8937, 8952]",0,1,0,0,0,0,0,0,"[8937, 8952]"
0,1,0,0,0,0,0,0,"[9175, 9191]",0,1,0,0,0,0,0,0,"[9174, 9191]"
0,0,0,1,0,0,0,0,"[7819, 7839]",0,0,0,1,0,0,0,0,"[7819, 7838]"
0,0,0,1,0,0,0,0,"[7882, 7890]",0,0,0,1,0,0,0,0,"[7882, 7890]"
0,0,0,1,0,0,0,0,"[8076, 8094]",0,0,0,1,0,0,0,0,"[8080, 8094]"
0,0,0,1,0,0,0,0,"[8112, 8136]",0,0,0,1,0,0,0,0,"[8112, 8136]"
0,0,0,1,0,0,0,0,"[8186, 8198]",0,0,0,1,0,0,0,0,"[8187, 8198]"
0,0,0,0,0,1,0,0,"[7838, 7883]",0,0,0,0,0,1,0,0,"[7838, 7882]"
0,0,0,0,0,1,0,0,"[7889, 7973]",0,0,0,0,0,1,0,0,"[7890, 7954]"
0,0,0,0,0,1,0,0,"[7889, 7973]",0,0,0,0,0,1,0,0,"[7960, 7971]"
0,0,0,0,0,1,0,0,"[8166, 8187]",0,0,0,0,0,1,0,0,"[8166, 8187]"
0,0,0,0,0,1,0,0,"[8197, 8232]",0,0,0,0,0,1,0,0,"[8198, 8232]"
0,0,0,1,0,0,0,0,"[8370, 8389]",0,0,0,1,0,0,0,0,"[8383, 8389]"
0,0,0,1,0,0,0,0,"[8405, 8422]",0,0,0,1,0,0,0,0,"[8404, 8423]"
0,0,0,1,0,0,0,0,"[8679, 8697]",0,0,0,1,0,0,0,0,"[8688, 8696]"
0,0,0,1,0,0,0,0,"[8706, 8728]",0,0,0,1,0,0,0,0,"[8705, 8729]"
0,0,0,1,0,0,0,0,"[8735, 8747]",0,0,0,1,0,0,0,0,"[8734, 8747]"
0,0,0,0,0,1,0,0,"[8466, 8507]",0,0,0,0,0,1,0,0,"[8468, 8506]"
0,0,0,0,0,1,0,0,"[8515, 8529]",0,0,0,0,0,1,0,0,"[8516, 8528]"
0,0,0,0,0,1,0,0,"[8764, 8838]",0,0,0,0,0,1,0,0,"[8765, 8823]"
0,0,0,0,0,1,0,0,"[8764, 8838]",0,0,0,0,0,1,0,0,"[8826, 8837]"
0,0,0,1,0,0,0,0,"[8911, 8937]",0,0,0,1,0,0,0,0,"[8921, 8937]"
0,0,0,1,0,0,0,0,"[9126, 9142]",0,0,0,1,0,0,0,0,"[9131, 9141]"
0,0,0,1,0,0,0,0,"[9149, 9175]",0,0,0,1,0,0,0,0,"[9149, 9174]"
0,0,0,1,0,0,0,0,"[9223, 9236]",0,0,0,1,0,0,0,0,"[9224, 9236]"
0,0,0,0,0,1,0,0,"[9236, 9282]",0,0,0,0,0,1,0,0,"[9236, 9283]"
0,0,0,0,0,1,0,0,"[9197, 9223]",0,0,0,0,0,1,0,0,"[9191, 9224]"
0,0,0,0,0,1,0,0,"[8953, 9069]",0,0,0,0,0,1,0,0,"[8953, 9039]"
0,0,0,0,0,1,0,0,"[8953, 9069]",0,0,0,0,0,1,0,0,"[9041, 9069]"
1,0,0,0,0,0,0,0,"[8759, 8763]",0,1,0,0,0,0,0,0,"[8756, 8763]"
1,0,0,0,0,0,0,0,"[8156, 8164]",0,0,0,0,0,0,0,1,-1
1,0,0,0,0,0,0,0,"[8728, 8734]",0,0,0,0,0,0,0,1,-1
0,0,0,0,0,0,0,1,-1,0,0,0,0,0,1,0,0,"[8401, 8404]"
0,0,0,0,0,0,0,1,-1,0,0,0,0,1,0,0,0,"[8423, 8425]"
0,0,0,0,0,0,0,1,-1,0,0,0,0,0,1,0,0,"[8697, 8705]"
0,0,0,0,0,0,0,1,-1,0,0,0,0,0,1,0,0,"[9141, 9149]"
0,1,0,0,0,0,0,0,"[8109, 8118]",0,1,0,0,0,0,0,0,"[8109, 8118]"
0,1,0,0,0,0,0,0,"[8167, 8183]",0,1,0,0,0,0,0,0,"[8168, 8183]"
1,0,0,0,0,0,0,0,"[8214, 8221]",1,0,0,0,0,0,0,0,"[8215, 8222]"
1,0,0,0,0,0,0,0,"[8400, 8408]",1,0,0,0,0,0,0,0,"[8402, 8407]"
0,1,0,0,0,0,0,0,"[8470, 8483]",0,1,0,0,0,0,0,0,"[8471, 8483]"
1,0,0,0,0,0,0,0,"[8937, 8942]",1,0,0,0,0,0,0,0,"[8937, 8943]"
1,0,0,0,0,0,0,0,"[8769, 8774]",1,0,0,0,0,0,0,0,"[8769, 8774]"
0,1,0,0,0,0,0,0,"[8751, 8758]",0,1,0,0,0,0,0,0,"[8751, 8757]"
1,0,0,0,0,0,0,0,"[8705, 8711]",1,0,0,0,0,0,0,0,"[8706, 8711]"
0,1,0,0,0,0,0,0,"[9237, 9261]",0,1,0,0,0,0,0,0,"[9256, 9262]"
0,0,0,1,0,0,0,0,"[7819, 7832]",0,0,0,1,0,0,0,0,"[7819, 7832]"
0,0,0,1,0,0,0,0,"[7927, 7975]",0,0,0,1,0,0,0,0,"[7928, 7971]"
0,0,0,1,0,0,0,0,"[8078, 8108]",0,0,0,1,0,0,0,0,"[8080, 8109]"
0,0,0,1,0,0,0,0,"[8184, 8198]",0,0,0,1,0,0,0,0,"[8183, 8198]"
0,0,0,0,1,0,0,0,"[8197, 8210]",0,0,0,0,1,0,0,0,"[8198, 8209]"
0,0,0,0,0,1,0,0,"[7830, 7927]",0,0,0,0,0,1,0,0,"[7832, 7928]"
0,0,0,0,0,1,0,0,"[8122, 8154]",0,0,0,0,0,1,0,0,"[8121, 8154]"
0,0,0,1,0,0,0,0,"[8370, 8401]",0,0,0,1,0,0,0,0,"[8383, 8402]"
0,0,0,1,0,0,0,0,"[8483, 8498]",0,0,0,1,0,0,0,0,"[8483, 8498]"
0,0,0,1,0,0,0,0,"[8683, 8704]",0,0,0,1,0,0,0,0,"[8687, 8706]"
0,0,0,1,0,0,0,0,"[8735, 8750]",0,0,0,1,0,0,0,0,"[8735, 8751]"
0,0,0,1,0,0,0,0,"[8758, 8770]",0,0,0,1,0,0,0,0,"[8757, 8769]"
0,0,0,0,0,1,0,0,"[8422, 8454]",0,0,0,0,0,1,0,0,"[8424, 8453]"
0,0,0,0,0,1,0,0,"[8499, 8531]",0,0,0,0,0,1,0,0,"[8498, 8532]"
0,0,0,0,0,1,0,0,"[8712, 8734]",0,0,0,0,0,1,0,0,"[8711, 8735]"
0,0,0,0,0,1,0,0,"[8777, 8827]",0,0,0,0,0,1,0,0,"[8778, 8828]"
0,0,0,1,0,0,0,0,"[8915, 8937]",0,0,0,1,0,0,0,0,"[8921, 8937]"
0,0,0,1,0,0,0,0,"[8979, 8995]",0,0,0,1,0,0,0,0,"[8980, 8996]"
0,0,0,1,0,0,0,0,"[9123, 9151]",0,0,0,1,0,0,0,0,"[9131, 9151]"
0,0,0,1,0,0,0,0,"[9192, 9222]",0,0,0,1,0,0,0,0,"[9192, 9222]"
0,0,0,0,0,1,0,0,"[8942, 8978]",0,0,0,0,0,1,0,0,"[8943, 8980]"
0,0,0,0,0,1,0,0,"[8996, 9049]",0,0,0,0,0,1,0,0,"[8996, 9049]"
0,0,0,0,1,0,0,0,"[9049, 9052]",0,0,0,0,1,0,0,0,"[9049, 9052]"
0,0,0,0,0,1,0,0,"[9052, 9068]",0,0,0,0,0,1,0,0,"[9052, 9069]"
0,0,0,0,0,1,0,0,"[9151, 9192]",0,0,0,0,0,1,0,0,"[9151, 9192]"
0,0,0,0,0,1,0,0,"[9262, 9283]",0,0,0,0,0,1,0,0,"[9262, 9283]"
0,1,0,0,0,0,0,0,"[8414, 8422]",1,0,0,0,0,0,0,0,"[8416, 8421]"
0,1,0,0,0,0,0,0,"[9237, 9261]",0,0,0,0,0,1,0,0,"[9237, 9253]"
0,0,0,1,0,0,0,0,"[8155, 8168]",0,0,0,0,0,0,0,1,-1
0,0,0,0,0,0,0,1,-1,0,0,0,1,0,0,0,0,"[8222, 8233]"
0,0,0,0,0,0,0,1,-1,0,0,0,0,0,1,0,0,"[8458, 8462]"
0,0,0,0,0,0,0,1,-1,0,0,0,1,0,0,0,0,"[8828, 8844]"
0,0,0,0,0,0,0,1,-1,0,0,0,0,0,1,0,0,"[9222, 9228]"
0,1,0,0,0,0,0,0,"[8088, 8110]",0,1,0,0,0,0,0,0,"[8089, 8109]"
0,1,0,0,0,0,0,0,"[8175, 8194]",0,1,0,0,0,0,0,0,"[8177, 8194]"
0,1,0,0,0,0,0,0,"[8428, 8443]",0,1,0,0,0,0,0,0,"[8431, 8443]"
0,1,0,0,0,0,0,0,"[8474, 8486]",0,1,0,0,0,0,0,0,"[8476, 8485]"
0,1,0,0,0,0,0,0,"[8495, 8508]",0,1,0,0,0,0,0,0,"[8496, 8509]"
1,0,0,0,0,0,0,0,"[8705, 8712]",1,0,0,0,0,0,0,0,"[8707, 8712]"
1,0,0,0,0,0,0,0,"[8713, 8719]",1,0,0,0,0,0,0,0,"[8714, 8719]"
0,1,0,0,0,0,0,0,"[8933, 8953]",0,1,0,0,0,0,0,0,"[8933, 8953]"
0,1,0,0,0,0,0,0,"[9001, 9011]",0,1,0,0,0,0,0,0,"[9002, 9011]"
0,1,0,0,0,0,0,0,"[9199, 9218]",0,1,0,0,0,0,0,0,"[9198, 9218]"
0,0,0,1,0,0,0,0,"[7819, 7833]",0,0,0,1,0,0,0,0,"[7819, 7833]"
0,0,0,1,0,0,0,0,"[7943, 7954]",0,0,0,1,0,0,0,0,"[7943, 7954]"
0,0,0,1,0,0,0,0,"[8076, 8090]",0,0,0,1,0,0,0,0,"[8080, 8089]"
0,0,0,1,0,0,0,0,"[8143, 8176]",0,0,0,1,0,0,0,0,"[8143, 8177]"
0,0,0,0,1,0,0,0,"[7831, 7838]",0,0,0,0,1,0,0,0,"[7833, 7838]"
0,0,0,0,1,0,0,0,"[7904, 7912]",0,0,0,0,1,0,0,0,"[7904, 7912]"
0,0,0,0,1,0,0,0,"[8122, 8145]",0,0,0,0,1,0,0,0,"[8127, 8143]"
0,0,0,0,0,1,0,0,"[7838, 7900]",0,0,0,0,0,1,0,0,"[7838, 7899]"
0,0,0,0,0,1,0,0,"[7912, 7944]",0,0,0,0,0,1,0,0,"[7912, 7943]"
0,0,0,0,0,1,0,0,"[8201, 8233]",0,0,0,0,0,1,0,0,"[8203, 8230]"
0,0,0,1,0,0,0,0,"[8372, 8394]",0,0,0,1,0,0,0,0,"[8383, 8394]"
0,0,0,1,0,0,0,0,"[8419, 8430]",0,0,0,1,0,0,0,0,"[8419, 8431]"
0,0,0,1,0,0,0,0,"[8449, 8476]",0,0,0,1,0,0,0,0,"[8449, 8476]"
0,0,0,1,0,0,0,0,"[8484, 8497]",0,0,0,1,0,0,0,0,"[8484, 8496]"
0,0,0,1,0,0,0,0,"[8685, 8705]",0,0,0,1,0,0,0,0,"[8687, 8707]"
0,0,0,0,1,0,0,0,"[8391, 8403]",0,0,0,0,1,0,0,0,"[8394, 8401]"
0,0,0,0,1,0,0,0,"[8769, 8823]",0,0,0,0,1,0,0,0,"[8768, 8773]"
0,0,0,0,1,0,0,0,"[8769, 8823]",0,0,0,0,1,0,0,0,"[8778, 8783]"
0,0,0,0,1,0,0,0,"[8769, 8823]",0,0,0,0,1,0,0,0,"[8792, 8810]"
0,0,0,0,1,0,0,0,"[8769, 8823]",0,0,0,0,1,0,0,0,"[8819, 8821]"
0,0,0,0,0,1,0,0,"[8510, 8533]",0,0,0,0,0,1,0,0,"[8510, 8532]"
0,0,0,0,0,1,0,0,"[8721, 8767]",0,0,0,0,0,1,0,0,"[8720, 8760]"
0,0,0,0,0,1,0,0,"[8721, 8767]",0,0,0,0,0,1,0,0,"[8763, 8768]"
0,0,0,1,0,0,0,0,"[8909, 8933]",0,0,0,1,0,0,0,0,"[8922, 8933]"
0,0,0,1,0,0,0,0,"[8961, 8978]",0,0,0,1,0,0,0,0,"[8961, 8979]"
0,0,0,1,0,0,0,0,"[8982, 9001]",0,0,0,1,0,0,0,0,"[8981, 9002]"
0,0,0,1,0,0,0,0,"[9122, 9142]",0,0,0,1,0,0,0,0,"[9131, 9142]"
0,0,0,1,0,0,0,0,"[9237, 9246]",0,0,0,1,0,0,0,0,"[9238, 9245]"
0,0,0,0,0,1,0,0,"[9012, 9041]",0,0,0,0,0,1,0,0,"[9011, 9070]"
0,0,0,0,0,1,0,0,"[9045, 9070]",0,0,0,0,0,1,0,0,"[9011, 9070]"
0,0,0,0,0,1,0,0,"[9142, 9197]",0,0,0,0,0,1,0,0,"[9142, 9196]"
0,0,0,0,0,1,0,0,"[9219, 9238]",0,0,0,0,0,1,0,0,"[9218, 9238]"
0,0,0,0,0,1,0,0,"[9246, 9281]",0,0,0,0,0,1,0,0,"[9245, 9282]"
0,0,1,0,0,0,0,0,"[8117, 8123]",0,1,0,0,0,0,0,0,"[8116, 8122]"
0,0,0,0,1,0,0,0,"[9041, 9045]",0,0,0,0,0,0,0,1,-1
0,0,0,0,0,0,0,1,-1,0,0,0,0,1,0,0,0,"[7954, 7956]"
0,0,0,0,0,0,0,1,-1,0,0,0,0,1,0,0,0,"[7969, 7971]"
0,0,0,0,0,0,0,1,-1,0,0,0,0,0,1,0,0,"[8404, 8414]"
0,0,0,0,0,0,0,1,-1,0,0,0,0,1,0,0,0,"[8414, 8419]"
0,0,0,0,0,0,0,1,-1,0,0,0,0,1,0,0,0,"[8443, 8449]"
0,0,0,0,0,0,0,1,-1,0,0,0,1,0,0,0,0,"[8821, 8845]"
0,0,0,0,0,0,0,1,-1,0,0,0,0,0,1,0,0,"[8954, 8961]"
0,0,0,0,0,0,0,1,-1,0,0,0,0,0,1,0,0,"[8979, 8981]"
0,0,1,0,0,0,0,0,"[11890, 11903]",0,0,1,0,0,0,0,0,"[11892, 11896]"
0,1,0,0,0,0,0,0,"[12141, 12157]",0,1,0,0,0,0,0,0,"[12143, 12156]"
1,0,0,0,0,0,0,0,"[12619, 12626]",1,0,0,0,0,0,0,0,"[12620, 12626]"
0,0,0,1,0,0,0,0,"[11579, 11618]",0,0,0,1,0,0,0,0,"[11579, 11618]"
0,0,0,0,1,0,0,0,"[11618, 11674]",0,0,0,0,1,0,0,0,"[11618, 11672]"
0,0,0,1,0,0,0,0,"[11854, 11874]",0,0,0,1,0,0,0,0,"[11867, 11872]"
0,0,0,0,1,0,0,0,"[11689, 11713]",0,0,0,0,1,0,0,0,"[11688, 11692]"
0,0,0,0,1,0,0,0,"[11689, 11713]",0,0,0,0,1,0,0,0,"[11699, 11702]"
0,0,0,0,1,0,0,0,"[11689, 11713]",0,0,0,0,1,0,0,0,"[11710, 11713]"
0,0,0,1,0,0,0,0,"[12103, 12142]",0,0,0,1,0,0,0,0,"[12103, 12143]"
0,0,0,1,0,0,0,0,"[12347, 12410]",0,0,0,1,0,0,0,0,"[12350, 12410]"
0,0,0,0,0,1,0,0,"[12180, 12248]",0,0,0,0,0,1,0,0,"[12180, 12200]"
0,0,0,0,0,1,0,0,"[12180, 12248]",0,0,0,0,0,1,0,0,"[12217, 12248]"
0,0,0,0,0,1,0,0,"[12408, 12467]",0,0,0,0,0,1,0,0,"[12410, 12466]"
0,0,0,1,0,0,0,0,"[12597, 12620]",0,0,0,1,0,0,0,0,"[12596, 12620]"
0,0,0,1,0,0,0,0,"[12625, 12648]",0,0,0,1,0,0,0,0,"[12626, 12649]"
0,0,0,1,0,0,0,0,"[12851, 12912]",0,0,0,1,0,0,0,0,"[12852, 12913]"
0,0,0,0,0,1,0,0,"[12649, 12740]",0,0,0,0,0,1,0,0,"[12649, 12697]"
0,0,0,0,0,1,0,0,"[12649, 12740]",0,0,0,0,0,1,0,0,"[12705, 12741]"
0,0,0,0,0,1,0,0,"[12912, 12984]",0,0,0,0,0,1,0,0,"[12913, 12926]"
0,0,0,0,0,1,0,0,"[12912, 12984]",0,0,0,0,0,1,0,0,"[12957, 12983]"
0,0,1,0,0,0,0,0,"[11950, 11964]",1,0,0,0,0,0,0,0,"[11958, 11962]"
0,0,1,0,0,0,0,0,"[11913, 11927]",1,0,0,0,0,0,0,0,"[11915, 11918]"
0,0,0,0,0,0,0,1,-1,0,0,0,0,1,0,0,0,"[11680, 11684]"
0,0,0,0,0,0,0,1,-1,0,0,0,0,0,1,0,0,"[11715, 11719]"
0,0,0,0,0,0,0,1,-1,0,0,0,0,1,0,0,0,"[11872, 11875]"
0,0,0,0,0,0,0,1,-1,0,0,0,1,0,0,0,0,"[11993, 12011]"
0,0,0,0,0,0,0,1,-1,0,0,0,0,1,0,0,0,"[12159, 12161]"
0,0,0,0,0,0,0,1,-1,0,0,0,1,0,0,0,0,"[12466, 12502]"
0,0,1,0,0,0,0,0,"[12221, 12229]",0,0,1,0,0,0,0,0,"[12216, 12228]"
1,0,0,0,0,0,0,0,"[12420, 12430]",1,0,0,0,0,0,0,0,"[12418, 12429]"
1,0,0,0,0,0,0,0,"[12479, 12490]",1,0,0,0,0,0,0,0,"[12478, 12488]"
0,0,1,0,0,0,0,0,"[12630, 12640]",0,0,1,0,0,0,0,0,"[12630, 12638]"
1,0,0,0,0,0,0,0,"[12643, 12650]",1,0,0,0,0,0,0,0,"[12642, 12650]"
1,0,0,0,0,0,0,0,"[12653, 12660]",1,0,0,0,0,0,0,0,"[12652, 12660]"
1,0,0,0,0,0,0,0,"[12663, 12670]",1,0,0,0,0,0,0,0,"[12664, 12671]"
0,0,0,1,0,0,0,0,"[11586, 11597]",0,0,0,1,0,0,0,0,"[11579, 11597]"
0,0,0,1,0,0,0,0,"[11857, 11904]",0,0,0,1,0,0,0,0,"[11857, 11900]"
0,0,0,1,0,0,0,0,"[11906, 11979]",0,0,0,1,0,0,0,0,"[11955, 11975]"
0,0,0,0,1,0,0,0,"[11614, 11655]",0,0,0,0,1,0,0,0,"[11616, 11657]"
0,0,0,0,0,1,0,0,"[11655, 11715]",0,0,0,0,0,1,0,0,"[11657, 11715]"
0,0,0,0,0,0,1,0,"[12138, 12146]",0,0,0,0,0,0,1,0,"[12138, 12147]"
0,0,0,1,0,0,0,0,"[12103, 12141]",0,0,0,1,0,0,0,0,"[12103, 12138]"
0,0,0,1,0,0,0,0,"[12144, 12209]",0,0,0,1,0,0,0,0,"[12147, 12207]"
0,0,0,1,0,0,0,0,"[12350, 12388]",0,0,0,1,0,0,0,0,"[12350, 12386]"
0,0,0,0,0,1,0,0,"[12387, 12407]",0,0,0,0,0,1,0,0,"[12386, 12410]"
0,0,0,1,0,0,0,0,"[12597, 12613]",0,0,0,1,0,0,0,0,"[12595, 12611]"
0,0,0,1,0,0,0,0,"[12852, 12883]",0,0,0,1,0,0,0,0,"[12852, 12880]"
0,0,0,0,1,0,0,0,"[12691, 12703]",0,0,0,0,1,0,0,0,"[12677, 12705]"
0,0,0,0,0,1,0,0,"[12707, 12745]",0,0,0,0,0,1,0,0,"[12705, 12745]"
0,0,0,0,0,1,0,0,"[12915, 13002]",0,0,0,0,0,1,0,0,"[12915, 13003]"
0,0,1,0,0,0,0,0,"[12207, 12215]",1,0,0,0,0,0,0,0,"[12207, 12216]"
1,0,0,0,0,0,0,0,"[12898, 12905]",0,1,0,0,0,0,0,0,"[12880, 12909]"
0,0,0,0,0,0,0,1,-1,0,0,0,0,0,1,0,0,"[11597, 11599]"
0,0,0,0,0,0,0,1,-1,0,0,0,0,1,0,0,0,"[11900, 11909]"
0,0,0,0,0,0,0,1,-1,0,0,0,0,0,0,1,0,"[11975, 11983]"
0,0,0,0,0,0,0,1,-1,0,0,0,0,1,0,0,0,"[11996, 12003]"
0,0,0,0,0,0,0,1,-1,0,0,0,0,0,1,0,0,"[12003, 12010]"
0,0,0,0,0,0,0,1,-1,0,0,0,0,0,1,0,0,"[12236, 12256]"
0,0,0,0,0,0,0,1,-1,0,0,0,0,1,0,0,0,"[12611, 12618]"
1,0,0,0,0,0,0,0,"[12153, 12159]",1,0,0,0,0,0,0,0,"[12155, 12157]"
1,0,0,0,0,0,0,0,"[12233, 12240]",1,0,0,0,0,0,0,0,"[12235, 12240]"
1,0,0,0,0,0,0,0,"[12427, 12434]",1,0,0,0,0,0,0,0,"[12427, 12436]"
0,1,0,0,0,0,0,0,"[12482, 12501]",0,1,0,0,0,0,0,0,"[12480, 12505]"
1,0,0,0,0,0,0,0,"[12640, 12650]",1,0,0,0,0,0,0,0,"[12640, 12649]"
0,1,0,0,0,0,0,0,"[12875, 12928]",0,1,0,0,0,0,0,0,"[12872, 12931]"
0,0,0,1,0,0,0,0,"[11586, 11630]",0,0,0,1,0,0,0,0,"[11600, 11629]"
0,0,0,1,0,0,0,0,"[11857, 11905]",0,0,0,1,0,0,0,0,"[11857, 11906]"
0,0,0,0,0,1,0,0,"[11701, 11718]",0,0,0,0,0,1,0,0,"[11702, 11718]"
0,0,0,0,0,1,0,0,"[11956, 12005]",0,0,0,0,0,1,0,0,"[11956, 12004]"
0,0,0,1,0,0,0,0,"[12120, 12154]",0,0,0,1,0,0,0,0,"[12103, 12155]"
0,0,0,1,0,0,0,0,"[12350, 12414]",0,0,0,1,0,0,0,0,"[12350, 12414]"
0,0,0,1,0,0,0,0,"[12435, 12463]",0,0,0,1,0,0,0,0,"[12436, 12462]"
0,0,0,1,0,0,0,0,"[12598, 12642]",0,0,0,1,0,0,0,0,"[12593, 12640]"
0,0,0,1,0,0,0,0,"[12852, 12876]",0,0,0,1,0,0,0,0,"[12852, 12874]"
0,0,0,0,1,0,0,0,"[12701, 12721]",0,0,0,0,1,0,0,0,"[12700, 12721]"
0,0,0,0,0,1,0,0,"[12937, 12995]",0,0,0,0,0,1,0,0,"[12936, 12998]"
0,0,0,0,0,0,0,1,-1,0,0,0,0,0,1,0,0,"[11629, 11655]"
0,0,0,0,0,0,0,1,-1,0,0,0,1,0,0,0,0,"[11655, 11702]"
0,0,0,0,0,0,0,1,-1,0,0,0,0,0,1,0,0,"[11906, 11909]"
0,0,0,0,0,0,0,1,-1,0,0,0,1,0,0,0,0,"[11909, 11956]"
0,0,0,0,0,0,0,1,-1,0,0,0,1,0,0,0,0,"[12157, 12172]"
0,0,0,0,0,0,0,1,-1,0,0,0,0,1,0,0,0,"[12172, 12176]"
0,0,0,0,0,0,0,1,-1,0,0,0,0,1,0,0,0,"[12188, 12190]"
0,0,0,0,0,0,0,1,-1,0,0,0,0,0,1,0,0,"[12244, 12249]"
0,0,0,0,0,0,0,1,-1,0,0,0,0,0,1,0,0,"[12414, 12418]"
0,0,0,0,0,0,0,1,-1,0,0,0,0,0,1,0,0,"[12462, 12469]"
0,0,0,0,0,0,0,1,-1,0,0,0,0,0,1,0,0,"[12681, 12690]"
0,0,0,0,0,0,0,1,-1,0,0,0,0,0,1,0,0,"[12721, 12735]"
1,0,0,0,0,0,0,0,"[12028, 12034]",1,0,0,0,0,0,0,0,"[12029, 12035]"
1,0,0,0,0,0,0,0,"[12036, 12042]",1,0,0,0,0,0,0,0,"[12036, 12042]"
0,1,0,0,0,0,0,0,"[12049, 12060]",0,1,0,0,0,0,0,0,"[12045, 12061]"
0,1,0,0,0,0,0,0,"[12232, 12241]",0,1,0,0,0,0,0,0,"[12234, 12241]"
0,1,0,0,0,0,0,0,"[12269, 12287]",0,1,0,0,0,0,0,0,"[12271, 12286]"
1,0,0,0,0,0,0,0,"[12291, 12298]",1,0,0,0,0,0,0,0,"[12292, 12297]"
1,0,0,0,0,0,0,0,"[12435, 12441]",1,0,0,0,0,0,0,0,"[12436, 12442]"
1,0,0,0,0,0,0,0,"[12457, 12464]",1,0,0,0,0,0,0,0,"[12458, 12463]"
0,1,0,0,0,0,0,0,"[12489, 12500]",0,1,0,0,0,0,0,0,"[12490, 12500]"
0,0,0,1,0,0,0,0,"[12017, 12030]",0,0,0,1,0,0,0,0,"[12015, 12029]"
0,0,0,1,0,0,0,0,"[12141, 12150]",0,0,0,1,0,0,0,0,"[12142, 12150]"
0,0,0,0,0,1,0,0,"[12149, 12166]",0,0,0,0,0,1,0,0,"[12149, 12166]"
0,0,0,0,0,1,0,0,"[12063, 12142]",0,0,0,0,0,1,0,0,"[12064, 12142]"
0,0,0,1,0,0,0,0,"[12214, 12228]",0,0,0,1,0,0,0,0,"[12214, 12227]"
0,0,0,1,0,0,0,0,"[12253, 12270]",0,0,0,1,0,0,0,0,"[12253, 12271]"
0,0,0,0,0,1,0,0,"[12304, 12319]",0,0,0,0,0,1,0,0,"[12303, 12319]"
0,0,0,0,0,1,0,0,"[12332, 12363]",0,0,0,0,0,1,0,0,"[12332, 12364]"
0,0,0,1,0,0,0,0,"[12420, 12436]",0,0,0,1,0,0,0,0,"[12420, 12436]"
0,0,0,1,0,0,0,0,"[12441, 12457]",0,0,0,1,0,0,0,0,"[12442, 12458]"
0,0,0,1,0,0,0,0,"[12462, 12490]",0,0,0,1,0,0,0,0,"[12463, 12490]"
0,0,0,1,0,0,0,0,"[12512, 12521]",0,0,0,1,0,0,0,0,"[12513, 12521]"
0,0,0,0,0,1,0,0,"[12502, 12512]",0,0,0,0,0,1,0,0,"[12501, 12512]"
0,0,0,0,0,1,0,0,"[12521, 12570]",0,0,0,0,0,1,0,0,"[12521, 12570]"
0,0,0,1,0,0,0,0,"[11803, 11822]",0,0,0,1,0,0,0,0,"[11803, 11822]"
0,0,0,0,0,1,0,0,"[11822, 11954]",0,0,0,0,0,1,0,0,"[11822, 11878]"
0,0,0,0,0,1,0,0,"[11822, 11954]",0,0,0,0,0,1,0,0,"[11879, 11939]"
0,0,0,0,0,1,0,0,"[11822, 11954]",0,0,0,0,0,1,0,0,"[11940, 11954]"
0,0,0,1,0,0,0,0,"[12615, 12648]",0,0,0,1,0,0,0,0,"[12615, 12648]"
0,0,0,0,1,0,0,0,"[12648, 12658]",0,0,0,0,1,0,0,0,"[12648, 12657]"
0,0,0,0,0,1,0,0,"[12669, 12765]",0,0,0,0,0,1,0,0,"[12669, 12709]"
0,0,0,0,0,1,0,0,"[12669, 12765]",0,0,0,0,0,1,0,0,"[12714, 12729]"
0,0,0,0,0,1,0,0,"[12669, 12765]",0,0,0,0,0,1,0,0,"[12731, 12764]"
0,0,0,1,0,0,0,0,"[12837, 12852]",0,0,0,1,0,0,0,0,"[12837, 12852]"
0,0,0,1,0,0,0,0,"[12854, 12873]",0,0,0,1,0,0,0,0,"[12855, 12872]"
0,0,0,0,1,0,0,0,"[12873, 12881]",0,0,0,0,1,0,0,0,"[12872, 12880]"
0,0,0,0,0,1,0,0,"[12897, 12988]",0,0,0,0,0,1,0,0,"[12897, 12952]"
0,0,0,0,0,1,0,0,"[12897, 12988]",0,0,0,0,0,1,0,0,"[12954, 12988]"
0,0,0,0,1,0,0,0,"[12270, 12279]",0,0,0,0,0,0,0,1,-1
0,0,0,0,1,0,0,0,"[12490, 12495]",0,0,0,0,0,0,0,1,-1
0,0,0,0,0,0,0,1,-1,0,0,0,0,0,1,0,0,"[12227, 12229]"
0,0,0,0,0,0,0,1,-1,0,0,0,0,0,1,0,0,"[12246, 12253]"
0,0,0,0,0,0,0,1,-1,0,0,0,0,1,0,0,0,"[12325, 12332]"
0,0,0,0,0,0,0,1,-1,0,0,0,1,0,0,0,0,"[12657, 12669]"
0,0,0,0,0,0,0,1,-1,0,0,0,0,0,1,0,0,"[12852, 12855]"
0,1,0,0,0,0,0,0,"[12024, 12036]",0,1,0,0,0,0,0,0,"[12026, 12035]"
0,0,1,0,0,0,0,0,"[12048, 12056]",0,0,1,0,0,0,0,0,"[12049, 12054]"
1,0,0,0,0,0,0,0,"[12266, 12274]",1,0,0,0,0,0,0,0,"[12267, 12272]"
1,0,0,0,0,0,0,0,"[12326, 12334]",1,0,0,0,0,0,0,0,"[12328, 12330]"
1,0,0,0,0,0,0,0,"[12460, 12466]",1,0,0,0,0,0,0,0,"[12461, 12466]"
0,1,0,0,0,0,0,0,"[12475, 12495]",0,1,0,0,0,0,0,0,"[12476, 12495]"
0,0,0,1,0,0,0,0,"[12016, 12026]",0,0,0,1,0,0,0,0,"[12015, 12026]"
0,0,0,1,0,0,0,0,"[12034, 12050]",0,0,0,1,0,0,0,0,"[12035, 12050]"
0,0,0,0,0,1,0,0,"[12085, 12165]",0,0,0,0,0,1,0,0,"[12086, 12127]"
0,0,0,0,0,1,0,0,"[12085, 12165]",0,0,0,0,0,1,0,0,"[12133, 12164]"
0,0,0,1,0,0,0,0,"[12214, 12224]",0,0,0,1,0,0,0,0,"[12214, 12224]"
0,0,0,1,0,0,0,0,"[12232, 12240]",0,0,0,1,0,0,0,0,"[12231, 12240]"
0,0,0,1,0,0,0,0,"[12282, 12328]",0,0,0,1,0,0,0,0,"[12282, 12328]"
0,0,0,0,0,1,0,0,"[12273, 12283]",0,0,0,0,0,1,0,0,"[12274, 12282]"
0,0,0,0,0,1,0,0,"[12337, 12365]",0,0,0,0,0,1,0,0,"[12338, 12364]"
0,0,0,0,0,1,0,0,"[12512, 12570]",0,0,0,0,0,1,0,0,"[12512, 12571]"
0,0,0,0,1,0,0,0,"[12500, 12511]",0,0,0,0,1,0,0,0,"[12501, 12510]"
0,0,0,1,0,0,0,0,"[12428, 12440]",0,0,0,1,0,0,0,0,"[12420, 12440]"
0,0,0,1,0,0,0,0,"[12450, 12457]",0,0,0,1,0,0,0,0,"[12449, 12457]"
0,0,0,1,0,0,0,0,"[11803, 11813]",0,0,0,1,0,0,0,0,"[11805, 11814]"
0,0,0,1,0,0,0,0,"[11843, 11875]",0,0,0,1,0,0,0,0,"[11848, 11876]"
0,0,0,0,0,1,0,0,"[11812, 11843]",0,0,0,0,0,1,0,0,"[11814, 11843]"
0,0,0,0,0,1,0,0,"[11875, 11955]",0,0,0,0,0,1,0,0,"[11875, 11933]"
0,0,0,0,0,1,0,0,"[11875, 11955]",0,0,0,0,0,1,0,0,"[11938, 11954]"
0,0,0,1,0,0,0,0,"[12615, 12652]",0,0,0,1,0,0,0,0,"[12615, 12653]"
0,0,0,0,0,1,0,0,"[12684, 12732]",0,0,0,0,0,1,0,0,"[12684, 12731]"
0,0,0,0,0,1,0,0,"[12737, 12762]",0,0,0,0,0,1,0,0,"[12737, 12763]"
0,0,0,0,0,1,0,0,"[12903, 12985]",0,0,0,0,0,1,0,0,"[12903, 12962]"
0,0,0,0,0,1,0,0,"[12903, 12985]",0,0,0,0,0,1,0,0,"[12965, 12984]"
0,0,0,1,0,0,0,0,"[12838, 12885]",0,0,0,1,0,0,0,0,"[12839, 12885]"
0,0,0,0,1,0,0,0,"[12885, 12893]",0,0,0,0,1,0,0,0,"[12885, 12893]"
0,1,0,0,0,0,0,0,"[12062, 12083]",0,0,0,0,1,0,0,0,"[12063, 12067]"
0,1,0,0,0,0,0,0,"[12239, 12260]",0,0,0,0,0,1,0,0,"[12240, 12251]"
0,1,0,0,0,0,0,0,"[12439, 12449]",1,0,0,0,0,0,0,0,"[12445, 12449]"
0,0,0,1,0,0,0,0,"[12466, 12477]",0,0,0,0,0,0,0,1,-1
0,0,0,1,0,0,0,0,"[12731, 12738]",0,0,0,0,0,0,0,1,-1
0,0,0,0,0,0,0,1,-1,0,0,0,1,0,0,0,0,"[12054, 12063]"
0,0,0,0,0,0,0,1,-1,0,0,0,0,0,1,0,0,"[12070, 12072]"
0,0,0,0,0,0,0,1,-1,1,0,0,0,0,0,0,0,"[12077, 12081]"
0,0,0,0,0,0,0,1,-1,0,0,0,0,0,1,0,0,"[12224, 12231]"
0,0,0,0,0,0,0,1,-1,1,0,0,0,0,0,0,0,"[12253, 12258]"
0,0,0,0,0,0,0,1,-1,0,0,0,0,0,1,0,0,"[12440, 12442]"
0,0,0,0,0,0,0,1,-1,0,0,0,0,0,1,0,0,"[12457, 12459]"
0,0,0,0,0,0,0,1,-1,0,0,0,0,1,0,0,0,"[12653, 12670]"
0,1,0,0,0,0,0,0,"[12048, 12062]",0,1,0,0,0,0,0,0,"[12050, 12062]"
0,1,0,0,0,0,0,0,"[12062, 12072]",0,1,0,0,0,0,0,0,"[12068, 12071]"
0,1,0,0,0,0,0,0,"[12100, 12117]",0,1,0,0,0,0,0,0,"[12109, 12116]"
0,1,0,0,0,0,0,0,"[12223, 12244]",0,1,0,0,0,0,0,0,"[12225, 12244]"
0,1,0,0,0,0,0,0,"[12247, 12276]",0,1,0,0,0,0,0,0,"[12250, 12276]"
0,1,0,0,0,0,0,0,"[12290, 12300]",0,1,0,0,0,0,0,0,"[12290, 12299]"
1,0,0,0,0,0,0,0,"[12430, 12438]",1,0,0,0,0,0,0,0,"[12431, 12436]"
0,1,0,0,0,0,0,0,"[12439, 12453]",0,1,0,0,0,0,0,0,"[12439, 12453]"
1,0,0,0,0,0,0,0,"[12618, 12626]",1,0,0,0,0,0,0,0,"[12620, 12626]"
0,0,0,1,0,0,0,0,"[12015, 12022]",0,0,0,1,0,0,0,0,"[12015, 12022]"
0,0,0,1,0,0,0,0,"[12087, 12102]",0,0,0,1,0,0,0,0,"[12087, 12102]"
0,0,0,0,1,0,0,0,"[12078, 12088]",0,0,0,0,1,0,0,0,"[12078, 12088]"
0,0,0,0,0,1,0,0,"[12021, 12047]",0,0,0,0,0,1,0,0,"[12023, 12044]"
0,0,0,0,0,1,0,0,"[12118, 12158]",0,0,0,0,0,1,0,0,"[12118, 12157]"
0,0,0,1,0,0,0,0,"[12214, 12225]",0,0,0,1,0,0,0,0,"[12215, 12225]"
0,0,0,0,0,1,0,0,"[12301, 12363]",0,0,0,0,0,1,0,0,"[12302, 12314]"
0,0,0,0,0,1,0,0,"[12301, 12363]",0,0,0,0,0,1,0,0,"[12317, 12338]"
0,0,0,0,0,1,0,0,"[12301, 12363]",0,0,0,0,0,1,0,0,"[12344, 12364]"
0,0,0,1,0,0,0,0,"[12420, 12432]",0,0,0,1,0,0,0,0,"[12420, 12431]"
0,0,0,0,0,1,0,0,"[12456, 12497]",0,0,0,0,0,1,0,0,"[12456, 12496]"
0,0,0,0,0,1,0,0,"[12499, 12567]",0,0,0,0,0,1,0,0,"[12499, 12529]"
0,0,0,0,0,1,0,0,"[12499, 12567]",0,0,0,0,0,1,0,0,"[12531, 12540]"
0,0,0,0,0,1,0,0,"[12499, 12567]",0,0,0,0,0,1,0,0,"[12542, 12566]"
0,0,0,1,0,0,0,0,"[11803, 11819]",0,0,0,1,0,0,0,0,"[11803, 11820]"
0,0,0,0,0,1,0,0,"[11819, 11859]",0,0,0,0,0,1,0,0,"[11819, 11858]"
0,0,0,0,1,0,0,0,"[11861, 11873]",0,0,0,0,1,0,0,0,"[11863, 11872]"
0,0,0,0,0,1,0,0,"[11875, 11946]",0,0,0,0,0,1,0,0,"[11876, 11902]"
0,0,0,0,0,1,0,0,"[11875, 11946]",0,0,0,0,0,1,0,0,"[11912, 11945]"
0,0,0,1,0,0,0,0,"[12614, 12621]",0,0,0,1,0,0,0,0,"[12615, 12620]"
0,0,0,0,0,1,0,0,"[12626, 12648]",0,0,0,0,0,1,0,0,"[12626, 12649]"
0,0,0,0,1,0,0,0,"[12648, 12655]",0,0,0,0,1,0,0,0,"[12649, 12655]"
0,0,0,0,0,1,0,0,"[12657, 12692]",0,0,0,0,0,1,0,0,"[12657, 12682]"
0,0,0,0,0,1,0,0,"[12657, 12692]",0,0,0,0,0,1,0,0,"[12689, 12692]"
0,0,0,0,1,0,0,0,"[12692, 12702]",0,0,0,0,1,0,0,0,"[12692, 12701]"
0,0,0,0,0,1,0,0,"[12736, 12761]",0,0,0,0,0,1,0,0,"[12736, 12761]"
0,0,0,1,0,0,0,0,"[12837, 12845]",0,0,0,1,0,0,0,0,"[12837, 12845]"
0,0,0,0,0,1,0,0,"[12845, 12884]",0,0,0,0,0,1,0,0,"[12845, 12885]"
0,0,0,0,1,0,0,0,"[12886, 12895]",0,0,0,0,1,0,0,0,"[12887, 12896]"
0,0,0,1,0,0,0,0,"[12895, 12915]",0,0,0,1,0,0,0,0,"[12896, 12915]"
0,0,0,0,0,1,0,0,"[12950, 12986]",0,0,0,0,0,1,0,0,"[12950, 12988]"
0,1,0,0,0,0,0,0,"[12062, 12072]",0,0,0,0,0,1,0,0,"[12063, 12069]"
0,0,0,0,0,0,0,1,-1,0,0,0,1,0,0,0,0,"[11945, 11954]"
0,0,0,0,0,0,0,1,-1,1,0,0,0,0,0,0,0,"[12068, 12072]"
0,0,0,0,0,0,0,1,-1,0,0,0,1,0,0,0,0,"[12072, 12078]"
0,0,0,0,0,0,0,1,-1,0,0,0,0,0,1,0,0,"[12102, 12105]"
0,0,0,0,0,0,0,1,-1,0,0,0,0,1,0,0,0,"[12159, 12164]"
0,0,0,0,0,0,0,1,-1,0,0,0,0,0,1,0,0,"[12279, 12283]"
0,0,0,0,0,0,0,1,-1,0,0,0,0,1,0,0,0,"[12338, 12344]"
0,0,0,0,0,0,0,1,-1,0,0,0,0,1,0,0,0,"[12682, 12689]"
0,0,0,0,0,0,0,1,-1,0,0,0,1,0,0,0,0,"[12701, 12722]"
0,0,0,0,0,0,0,1,-1,0,0,0,1,0,0,0,0,"[12725, 12736]"
0,0,0,0,0,0,0,1,-1,0,0,0,0,1,0,0,0,"[12915, 12921]"
0,0,0,0,0,0,0,1,-1,0,0,0,0,0,1,0,0,"[12921, 12936]"
